order_id,customer_id,order_status,order_purchase_timestamp,order_approved_at,order_delivered_carrier_date,order_delivered_customer_date,order_estimated_delivery_date
b9a6c5f5df52c7226ac85aee7524c27f,f160aaf480efdfa7268f0fa535f73e76,delivered,12/06/2026 20:07,12/06/2026 20:44,13/06/2026 13:09,19/06/2026 12:44,17/07/2026 00:00
261e71d2349c713eafa9f3df5972b95d,d6708bbbd2d419475869a84e41f620a1,delivered,20/01/2026 12:15,20/01/2026 12:37,25/01/2026 21:42,30/01/2026 11:32,15/02/2026 00:00
67b50899f52995848c427e361e10dde3,1b353c00c71689afba44554e43cc5a76,delivered,16/06/2026 21:24,16/06/2026 21:36,21/06/2026 13:55,27/06/2026 13:17,16/07/2026 00:00
32733fc014b67ef70fa6039dd8c6ba82,ad66699beab381d0747605f108cc02b4,delivered,30/08/2025 21:12,31/08/2025 02:50,12/09/2025 20:16,25/09/2025 17:53,22/09/2025 00:00
39a70e9e9b729b11dee34ac12478597f,20c678bfce3c8252288f70dd2bee5e51,delivered,10/08/2025 21:26,10/08/2025 21:44,11/08/2025 19:11,22/08/2025 16:45,12/09/2025 00:00
80000ae9d118d79953522e35cce34f13,67372e0bce729cebb559886b6c4d9e2e,delivered,27/02/2025 11:33,27/02/2025 11:45,01/03/2025 11:03,08/03/2025 08:51,20/03/2025 00:00
2bfd14409ba8ba1153ce42b2abc44bb8,9522d39cabd497bd4bc5fb1b226cd5cf,delivered,18/12/2025 17:43,18/12/2025 18:52,19/12/2025 19:04,05/01/2026 13:46,18/01/2026 00:00
faa01b7a24d0ba51d0d0ec652cd9b745,e6dfd24ec0d6e4e7002fa6dca5bf55a0,delivered,10/07/2026 18:14,12/07/2026 03:30,12/07/2026 07:30,25/07/2026 11:52,06/08/2026 00:00
06aa0aa8c22027ebb953d501c4238512,dd22f1d0142d9698c0848674e843525c,delivered,25/04/2026 19:43,25/04/2026 20:31,26/04/2026 14:39,27/04/2026 17:37,11/05/2026 00:00
3762c0ef92b5bc397671e6d7e6d5672f,39bb2424304a318278cf4516500c657c,delivered,15/08/2025 21:32,15/08/2025 23:30,17/08/2025 18:47,22/08/2025 22:42,12/09/2025 00:00
4fab84dd561f10bb9c98293f34d749fa,1c141ff3d234a4ea775feaf7d0024a59,delivered,03/07/2026 12:04,05/07/2026 16:32,05/07/2026 14:25,11/07/2026 15:24,27/07/2026 00:00
e6bed0846d5d268bf1ebcf66eab19a42,2110656d0356c5d1d3c7f1c7bce0e319,delivered,13/03/2026 22:21,13/03/2026 22:30,14/03/2026 20:15,19/04/2026 17:57,05/04/2026 00:00
e45620eb46de3b95c078fb17e75db83e,a539b9d6f9045415d847df7fd525d2bd,delivered,11/06/2026 12:41,11/06/2026 12:59,15/06/2026 16:32,11/07/2026 19:27,24/07/2026 00:00
8906cb0ae3ccbd4613940de05579b218,fd5ddf911dca5e102a4856a2ace88a09,delivered,12/02/2026 22:25,12/02/2026 22:35,19/02/2026 23:39,21/02/2026 00:33,26/02/2026 00:00
a4b276bd4a9eba543ec90cdf29a67308,9d20953453325b0f8badf470f570f98c,delivered,15/06/2025 08:53,15/06/2025 09:05,23/06/2025 13:33,27/06/2025 13:59,05/07/2025 00:00
5d9fde36e9b14f9c646577bb073b1486,ffed5d4f6245fe13cd57054621eec36a,delivered,21/02/2026 17:27,22/02/2026 02:10,27/02/2026 17:05,28/02/2026 22:25,07/03/2026 00:00
2790c1db6fab421570c3a789c96ffd46,606526aa253b452a350ce935064f6418,delivered,31/10/2025 18:03,02/11/2025 02:35,07/11/2025 19:22,21/11/2025 22:18,27/11/2025 00:00
40ebc9d21ae5f5d7dfd398f87e63f455,54c424fd34699c65ea6d0c12a80e4a72,delivered,12/03/2026 16:57,12/03/2026 17:10,13/03/2026 22:04,17/03/2026 00:18,22/03/2026 00:00
3d5857f4fdb1061d247dea2544782580,ceec04c1f9846950a467eee17ccdfb85,delivered,25/10/2025 14:58,25/10/2025 15:14,26/10/2025 16:48,27/10/2025 18:26,07/11/2025 00:00
cdab66293e2e4ea2b956d8016c5ad97d,6d03d9c7d95db6de5b59aa4d7218ec07,delivered,13/12/2025 09:01,13/12/2025 09:12,15/12/2025 22:04,22/12/2025 17:14,08/01/2026 00:00
d32fbb7b9c7d393b293c80e66091ee4b,66538c9da66571088de88815faa7ee9a,delivered,10/09/2025 15:33,10/09/2025 15:45,11/09/2025 12:08,15/09/2025 17:11,28/09/2025 00:00
fd22bd0610424ec9e62c1d98288b51e9,067715fac053f8972e3887e3784e38f4,delivered,19/03/2025 13:08,19/03/2025 13:08,22/03/2025 06:44,24/03/2025 10:18,11/04/2025 00:00
ced669a0f18cc433701f1011449b80fe,70f455685561519d6a7770423cbb01ee,delivered,26/06/2026 16:58,26/06/2026 18:18,27/06/2026 10:17,29/06/2026 16:48,11/07/2026 00:00
f5a1d7fb9cd502618f942b1295676f1b,c1ba054116e13a367a09a45be363525c,delivered,13/01/2026 12:13,13/01/2026 12:29,15/01/2026 23:51,22/01/2026 20:28,15/02/2026 00:00
cd49c5c6f772ac87200f116a7a5499e5,c68f1a0b156eeb49b2b3168e4ab55681,delivered,08/03/2025 01:59,09/03/2025 02:51,09/03/2025 13:31,14/03/2025 10:34,29/03/2025 00:00
5fe9874b96028c851e35c1c28aede4c2,4d575680ce2505bef7485ecf1badf1d6,delivered,14/01/2026 14:39,14/01/2026 14:51,24/01/2026 16:59,30/01/2026 14:19,16/02/2026 00:00
0589d8b975f21fea2ad626ea99527911,77dc1be4c4766a308f7c7516b732a825,delivered,27/02/2026 16:36,28/02/2026 16:35,01/03/2026 18:47,07/03/2026 22:44,28/03/2026 00:00
0d5fb8614978748bcfbef448c8a74a17,33a3023585bff9c06044bdcd92c95b4b,delivered,06/08/2026 10:00,06/08/2026 10:15,07/08/2026 15:47,15/08/2026 21:19,06/09/2026 00:00
ed8a6e0832d4fbbd240110423cd1b707,226236428096449139ada8b6e6bf4136,delivered,24/11/2025 14:22,25/11/2025 05:50,28/11/2025 18:32,14/12/2025 21:35,21/12/2025 00:00
9dabd200c58f609f380ecd1e44898086,1bb2273c4c26af24561221cfc4fbd7f1,delivered,12/06/2026 20:50,12/06/2026 21:24,15/06/2026 13:48,27/06/2026 17:11,19/07/2026 00:00
573cdc3b8d7f43d865aba5fbbc888802,1d4ed7b29c69512e9a142a6a5c52f5d0,delivered,12/01/2026 15:22,12/01/2026 15:30,15/01/2026 21:48,31/01/2026 21:48,14/02/2026 00:00
73287734c7b95e805d54a35d062627f2,d8d953c123168b787dceec29e08d08d3,delivered,27/02/2026 12:05,01/03/2026 02:35,02/03/2026 00:12,21/03/2026 21:47,27/03/2026 00:00
12aab7cb25bc6ae86c66cb3e7dc35a76,d2e258817e38dd6847a2dead3bbafc05,delivered,22/12/2025 17:11,22/12/2025 17:31,26/12/2025 14:12,03/01/2026 11:16,23/01/2026 00:00
c0e1586eda89047d683b2bc7d902037c,0266506e68e7eac1c7f726da057c28a9,delivered,12/12/2025 23:35,12/12/2025 23:49,13/12/2025 20:03,18/12/2025 21:18,29/12/2025 00:00
0124e0c5bfae1979838a91e47df53f14,6bf7cea1d53d6e27e5debdb2d5049ff6,delivered,08/02/2026 15:31,08/02/2026 16:59,14/02/2026 20:04,15/02/2026 20:11,26/02/2026 00:00
26c032093452825fab1ef0adcde581ac,1de5dc5b831942a9161baef126e93870,delivered,14/08/2026 16:42,14/08/2026 16:56,16/08/2026 17:15,23/08/2026 00:04,30/08/2026 00:00
848e76f65aa5d3843c356d8a68dfa5b5,0fe01041704b943d5c7905323ea63a2b,delivered,03/05/2026 16:05,03/05/2026 16:29,04/05/2026 12:12,11/05/2026 20:39,01/06/2026 00:00
1227f9af3b2ddb0b95060aab8e5b3dc7,53c9811a9eed9e84d267b8a929840882,delivered,10/05/2026 14:48,10/05/2026 15:11,10/05/2026 14:00,18/05/2026 16:21,07/06/2026 00:00
5d1aca6ae03324b5398c241b3b402be7,b36aecddfe5ccb0971ba9de40729416e,delivered,11/06/2026 13:34,11/06/2026 14:02,12/06/2026 15:05,13/06/2026 19:59,20/06/2026 00:00
ba16a6de753feb4dc0a6716cc3ddf951,2f2b6326403a1044d7c1c951fa3867f0,delivered,10/02/2026 18:19,10/02/2026 18:30,14/02/2026 20:15,08/03/2026 13:27,23/03/2026 00:00
569d43a54c364df5b367ab33e96eacf0,de67b8bed7fa293d54466d66bdaadc62,unavailable,31/10/2025 08:50,31/10/2025 09:06,,,08/11/2025 00:00
cdb67b9f52b1b7cd79169a5aae48d7c2,86d44d270b72592dbef78de27ec82d08,delivered,07/03/2026 12:04,07/03/2026 12:15,10/03/2026 00:07,02/04/2026 11:46,05/04/2026 00:00
b2e5be9642d390480c19fbc80e533de6,250db83427885000b3aa996cf9dc3a72,delivered,16/04/2026 13:41,16/04/2026 14:35,17/04/2026 00:03,30/04/2026 20:34,07/05/2026 00:00
fd117d65267f58ad33d914a3cc317543,f7c89da122bf0065f6157a4c19bfe24e,delivered,19/03/2026 15:53,19/03/2026 16:13,20/03/2026 18:53,23/03/2026 16:32,06/04/2026 00:00
6fd39a1adde54d0a5e6fe5ddc6c8784a,4e364c106217fcf45f21a4db793866bb,delivered,01/04/2026 19:57,02/04/2026 21:28,13/04/2026 01:51,19/04/2026 16:04,27/04/2026 00:00
4cdf8813fc5f4c3d74041453f606868c,d6e011b818659fed8cfa433ec3bee9fe,delivered,10/10/2025 10:08,10/10/2025 10:26,23/10/2025 17:46,27/10/2025 19:44,23/10/2025 00:00
5bb8d2fbca419676d395687e28f5263b,bff5a17c6a2c64100921da9fe9591a43,delivered,12/07/2026 12:44,12/07/2026 14:10,13/07/2026 06:52,23/07/2026 19:08,01/08/2026 00:00
5f4942fc3a59f2e62ae534f981105954,887b8a65e05f6ac52b0084002f88b30d,delivered,01/03/2026 08:07,01/03/2026 08:29,01/03/2026 20:12,07/03/2026 22:51,21/03/2026 00:00
5b649740381032adc79831802d8d221a,9f953bb4452203555445d713827f1465,delivered,04/11/2025 11:11,07/11/2025 07:30,08/11/2025 15:46,13/11/2025 16:52,30/11/2025 00:00
b68a52eb0d8bcd5f784a5f95b98a6cf6,56d9e13e6894b123c090a253757182a3,delivered,03/02/2026 10:27,03/02/2026 10:40,05/02/2026 22:58,28/02/2026 09:21,15/03/2026 00:00
558731462aceb9588378c7c19194d2db,4d916e585f3bb295dbc15dafaeaae8ed,delivered,10/05/2026 14:00,10/05/2026 14:16,17/05/2026 13:29,18/05/2026 16:59,07/06/2026 00:00
77e4da3755c479aac3d6f7f2a5e94516,6995decf2663f921e8dfb49b3e7b5b9c,delivered,13/02/2026 14:36,13/02/2026 15:07,19/02/2026 23:42,09/03/2026 16:58,23/03/2026 00:00
578daeebdebcc19bd2dcba1f6b06b3ce,af31beb9cb1ad7f0dd644d33b9e9ea44,delivered,29/05/2026 18:54,29/05/2026 19:17,30/05/2026 08:53,02/06/2026 14:12,21/06/2026 00:00
1aa78d3a94e9d8054d63fd230c076bf6,07c7380ec99877459637515df52ee55a,delivered,24/11/2025 18:49,24/11/2025 22:14,28/11/2025 00:12,29/11/2025 17:09,08/12/2025 00:00
a5d3eeeb605f6e2ce95e590543148234,05e8586e1ca488defddd47b5be9179c3,delivered,13/05/2026 21:46,13/05/2026 22:13,14/05/2026 13:40,15/05/2026 17:31,25/05/2026 00:00
2e233dded5d8af5e2baa5c1fca89a6c6,7f6cc609946a187554550e1a9192a46f,delivered,06/12/2025 14:37,06/12/2025 14:52,20/12/2025 18:59,21/12/2025 23:38,04/01/2026 00:00
9eaec2635ebf99416ead21c62ef53f67,216b824e1aa1817c80b40f8f2f8b246c,delivered,13/12/2025 17:14,13/12/2025 17:31,15/12/2025 21:42,03/01/2026 20:29,15/01/2026 00:00
db7a9e1d2cbac54cc7ead44f1ae8535c,3eda5c7e6340baf62f38dec00856a877,delivered,16/02/2026 16:32,16/02/2026 16:46,19/02/2026 18:29,20/02/2026 19:45,05/03/2026 00:00
3caf6c286c8cde37ea9c0fb2da0e3169,c8b8fc6a174f7e78125428ff2e452cca,delivered,11/06/2026 09:37,12/06/2026 05:15,13/06/2026 10:25,19/06/2026 16:18,13/07/2026 00:00
e317f41180b8a6fa3ce86b6fba6ac3fa,6285f604fa70a13975a094497da3bf6b,delivered,25/06/2026 20:52,27/06/2026 08:54,27/06/2026 07:37,05/07/2026 18:32,03/08/2026 00:00
3a73a24fa6a0d8ffd462fb4bb62e66fc,da5bd8e328c797b2d8f4d7199d5e94d5,delivered,18/12/2025 17:24,18/12/2025 17:36,19/12/2025 18:21,27/12/2025 18:58,12/01/2026 00:00
51879b7474407f56048b6c36cc3e263c,82141426f5565b47a8b8433342024da7,delivered,25/07/2026 21:44,25/07/2026 22:15,26/07/2026 11:12,20/08/2026 11:52,08/08/2026 00:00
385408894abaef5ea2b48046ca02f823,18e2faab25e5ef1ffc283ef3775b9a87,delivered,15/02/2026 11:26,17/02/2026 03:47,21/02/2026 16:55,27/02/2026 17:18,08/03/2026 00:00
a5dfe2f94a7c8cb55a435a6ed9fc2c12,7838d18f32fd8c01bf0712b588663c16,delivered,01/05/2025 19:04,03/05/2025 11:35,04/05/2025 12:15,15/05/2025 12:10,26/05/2025 00:00
5662e7f8bbc6abe55e104ac06994a731,b253ab4ce264a72304410c04d66e3908,delivered,02/10/2025 11:56,02/10/2025 12:07,02/10/2025 19:05,18/10/2025 16:22,31/10/2025 00:00
7e4d4a50dc999bcf59d2e055db0f4b37,3ea256d0100550636253563da3e913bc,delivered,08/01/2026 01:30,08/01/2026 01:39,08/01/2026 22:37,19/01/2026 20:49,07/02/2026 00:00
d7ebfa9a59497087b6f2383f00689fcf,6da7fdc344021e769a846085968f48f0,delivered,29/10/2025 22:45,29/10/2025 23:05,31/10/2025 23:44,14/11/2025 18:42,23/11/2025 00:00
bcaa7f7240deb32b0410ee6cc085d9b4,829d3ea58fe45816348ab857d059a6ae,delivered,12/08/2026 10:33,13/08/2026 10:30,13/08/2026 15:28,14/08/2026 21:48,20/08/2026 00:00
21c9855588b3946347dcaa1f159edcd8,499311489d89baa6ed8f9f9f1f3758b8,delivered,02/06/2026 12:40,02/06/2026 12:51,05/06/2026 15:01,06/06/2026 22:12,28/06/2026 00:00
b5eb3252f8e5ded7044d176ed49e2ecb,86d7e0b2821894373d67a03352affdcb,delivered,28/05/2026 17:23,28/05/2026 17:35,18/06/2026 11:59,22/06/2026 17:59,03/08/2026 00:00
5f8772295e1adb4e4832c988d6b631b6,d6ea3ab260c02dc5a2d6270e7d49286d,delivered,17/03/2026 10:11,17/03/2026 10:28,21/03/2026 19:24,10/04/2026 01:19,20/04/2026 00:00
22caa724849d26dec4cd73ffc70bc133,983286740ff2d1fd74d499fd1a711de7,delivered,20/06/2026 16:51,20/06/2026 17:21,21/06/2026 12:51,28/06/2026 13:48,17/07/2026 00:00
76ae7f8d0104f4808d4a93f4b81661d7,279b18bebb145265c6490f1de02cd947,delivered,03/02/2026 12:34,03/02/2026 13:20,05/02/2026 16:42,15/02/2026 00:26,01/03/2026 00:00
dfa1e5a290276c05629e2d4180ce6aff,1cb19e72dbe69d9091b464032caebb40,delivered,13/03/2025 14:17,13/03/2025 14:17,14/03/2025 15:05,17/03/2025 17:51,06/04/2025 00:00
d33a24a5ea67f8f5a06b0a32e53f3acf,5681c6fa141b43aaa13277dd0fd30b76,delivered,16/05/2025 11:15,17/05/2025 04:10,17/05/2025 14:37,23/05/2025 10:42,07/06/2025 00:00
c8c002c98c3b0b4d4136b84f76f635a8,c7f827df881d513428043f6c8153eb6b,delivered,23/01/2026 22:51,24/01/2026 18:12,26/01/2026 22:19,09/02/2026 01:44,23/02/2026 00:00
07bebe0626c8053ad425381fe0882655,a7077f133d9d048e55dc77a59d97c83e,delivered,22/09/2025 11:16,26/09/2025 04:07,29/09/2025 22:33,05/10/2025 21:07,19/10/2025 00:00
d5d0829757e3f168a603b3c272d96fff,add7aa6095dd2aae6b8d70d022bae3e5,delivered,07/03/2026 19:39,07/03/2026 19:55,08/03/2026 20:28,15/03/2026 22:32,27/03/2026 00:00
0ea322b0cc5c5a359a4b83e2cae08390,fda9a2bf4f0b8d64bf713e261189a2bc,delivered,21/04/2025 09:11,21/04/2025 09:22,25/04/2025 11:06,27/04/2025 15:43,11/05/2025 00:00
377627ea55b004e8d55a2af17ba3c0e1,3f0bd16414d5fee5cb1d19769c3c825e,delivered,20/05/2026 13:52,20/05/2026 14:18,21/05/2026 13:12,22/05/2026 14:56,29/05/2026 00:00
989829039549b9b62b547646ee72c034,c947bd7320af6ca068c7ef4389693173,delivered,17/02/2026 19:34,17/02/2026 19:50,21/02/2026 22:05,22/02/2026 13:49,06/03/2026 00:00
0739104e30e20de6c0956c0889a9b9dc,066a9e746ce5eead40d2afa9bccd3d7d,delivered,17/08/2026 19:00,17/08/2026 19:10,21/08/2026 06:04,27/08/2026 16:02,31/08/2026 00:00
3772bd82db6b988f9a7008bdb3a4b729,d00682c2eaf70db1869809d2fbaf7aba,delivered,30/08/2025 14:01,01/09/2025 06:24,01/09/2025 18:17,06/09/2025 17:52,22/09/2025 00:00
ece3ab91bd67ba73563dd0468fc3bde2,b4111141220267ae8e763af405bc6469,delivered,04/09/2025 16:30,04/09/2025 16:45,03/10/2025 18:04,19/10/2025 21:43,10/10/2025 00:00
f6806cb575dffe2dd24873502bc0b413,f9f0c70f7f91d4bebab7ed1cb0206489,delivered,29/06/2026 13:50,29/06/2026 14:10,29/06/2026 15:34,05/07/2026 19:46,07/08/2026 00:00
e1cbc1e8c3204aaecc891d1392f7b4d7,3b4d546d0e5f84a84c5cd3034c557b72,delivered,04/01/2026 09:22,04/01/2026 09:33,06/02/2026 19:27,15/02/2026 20:25,14/03/2026 00:00
a7b984cb7dba04216ef3408f9fdc724f,abda0fc72e1f8c32dd8291c542e273c5,delivered,16/02/2026 21:27,16/02/2026 21:35,21/02/2026 23:35,27/02/2026 00:10,12/03/2026 00:00
c000556923c9e9f96eb1121213f153b0,e630c8a8b546a3a6486ccdca9cc6eb0a,delivered,24/11/2025 14:22,24/11/2025 16:33,27/11/2025 21:43,29/11/2025 21:37,12/12/2025 00:00
544bad401327a8f0de6786c7ccd73c8b,3663cf3c9fafa9cc511c4d990ea35326,delivered,30/04/2025 19:25,30/04/2025 20:00,04/05/2025 13:14,17/05/2025 15:32,23/05/2025 00:00
c0cb48c270009fc128318b2f9eda3bec,246295516c97fc54aa274c6fd2222602,delivered,22/04/2026 17:47,24/04/2026 18:34,23/04/2026 18:02,04/05/2026 18:17,15/05/2026 00:00
38ac62af1b354671501c9bbfc55bf187,d14a98aaff22268ebdcbcd6acb7161be,delivered,02/02/2026 12:15,03/02/2026 02:53,27/02/2026 22:51,06/03/2026 19:35,23/03/2026 00:00
faa72e2db68f17d71fa5c725cafc53ad,a6a0a62ce165053b536f84be26fd22c7,delivered,15/04/2026 18:34,16/04/2026 08:51,16/04/2026 18:56,20/04/2026 20:28,16/05/2026 00:00
338be6220254203898339bb8b6021138,fef6ee8cb0a99f0fa68808e0fadca078,delivered,17/05/2026 09:53,19/05/2026 02:58,21/05/2026 15:32,31/05/2026 00:19,06/06/2026 00:00
2282f08c7a3e5bc3e7b84bb444d6e1e6,9024b6b926dff086c50dfd85762b9a45,delivered,11/04/2026 11:41,11/04/2026 11:50,11/04/2026 22:18,26/04/2026 19:42,18/05/2026 00:00
b62490833ad4da4f0f696c9358737651,36a52cbef5f4a32aed0c0215995985d4,delivered,30/10/2025 02:03,31/10/2025 04:30,31/10/2025 16:53,08/11/2025 17:54,29/11/2025 00:00
8fad1f3654133d30218cd4b6fae827ee,9111c8e96c761096f6fbe14a3a539f5d,delivered,18/06/2025 11:37,18/06/2025 11:45,19/06/2025 16:42,22/06/2025 15:34,07/07/2025 00:00
84d1f58195cae334b50f9088b38b3495,544e77a62037110df48c7f23d0a320e7,delivered,26/04/2025 08:45,01/05/2025 22:33,04/05/2025 15:14,11/05/2025 13:33,17/05/2025 00:00
44259226d73d340f929777553ecf199b,10101c15aec095b6078c8dd047739392,delivered,30/03/2026 13:36,30/03/2026 14:27,02/04/2026 19:21,17/04/2026 23:18,25/04/2026 00:00
3b9de7cf25713aac3ab7e5cc48d83983,4233f443bac7d7de2c4e6782763fa516,delivered,20/07/2025 10:38,20/07/2025 10:55,21/07/2025 18:22,09/08/2025 17:42,22/08/2025 00:00
d7ebe26f7b9c7600c40edd2b0edc7afc,994ce8a078d9b40c268787c6ff42d514,delivered,20/05/2025 10:41,23/05/2025 03:22,25/05/2025 10:37,06/06/2025 18:52,03/07/2025 00:00
1dd524259037e53865e1fbee3697183b,1a13719d21dafc59a8a17846e0172f0f,delivered,16/06/2025 15:19,16/06/2025 15:30,16/06/2025 16:01,23/06/2025 11:48,11/07/2025 00:00
c4ed5db53397cdd0f24bb4ba48f769f8,b965b22eb0be25b8a06e11e390c4ffb8,delivered,22/06/2025 22:14,22/06/2025 22:25,23/06/2025 11:09,26/06/2025 16:57,05/07/2025 00:00
c9abb9f3b4b71b87bfbc5645a02cf8cc,72430ca7638959110ed1dcc035402546,delivered,16/04/2026 17:14,16/04/2026 18:33,17/04/2026 12:51,23/04/2026 19:26,09/05/2026 00:00
b2b86f50f1d5ec8763fc9fc6894ac6c4,89fe1107a7a7a8e70a256454d3da5335,delivered,01/08/2026 19:51,01/08/2026 20:15,02/08/2026 14:49,03/08/2026 21:19,06/08/2026 00:00
a711032f5b2df3b039238b1a273076b8,9393744f4214f430a813fee1316567e2,delivered,04/04/2026 18:08,04/04/2026 18:15,07/04/2026 22:03,22/04/2026 21:05,03/05/2026 00:00
ec34ce0f06a9a35ebf0f0496d595bc84,d3cafb429363e1c6b3a3af369e31728a,delivered,05/03/2026 19:13,05/03/2026 19:28,07/03/2026 19:15,09/04/2026 18:47,29/03/2026 00:00
f0cb299a9702d7db4e501895d61d2baf,3d14ef1b615443e8569574ccf4c70ffb,invoiced,10/06/2025 22:46,10/06/2025 23:02,,,03/07/2025 00:00
edd3d7495d5177045823010a1f6ac22a,fbf9c2e3c687f16df64422a9c855b8e2,delivered,13/06/2026 17:55,13/06/2026 18:23,14/06/2026 14:58,20/06/2026 15:08,20/07/2026 00:00
b0200f320613faea21c999a90efa28ab,cb3e59ee986f4594de1982df4ae214f7,delivered,10/02/2026 17:58,10/02/2026 18:48,19/02/2026 21:42,20/02/2026 22:33,26/02/2026 00:00
cecccaa359491439461332bbb0dad3d5,6e99733532423390e0d537024ac60812,delivered,28/02/2026 23:35,01/03/2026 00:20,02/03/2026 17:57,28/03/2026 00:09,29/03/2026 00:00
f7198d6fd9c02f8d7f7646b213376ddf,d32c1be9389b63d5e611ae874bf4403d,delivered,24/02/2026 21:15,27/02/2026 04:31,27/02/2026 19:33,06/04/2026 20:33,19/03/2026 00:00
042649285cd08ef7c546445419b43407,8e4a0eaf18400c5715796fc724708d00,delivered,13/03/2026 15:24,13/03/2026 15:35,15/03/2026 23:07,16/03/2026 23:32,16/04/2026 00:00
22a1a580ac153c5e2f469d27ad6a4e3d,b9662bb6c6a36059b08d2ade7f499d65,delivered,15/04/2026 13:45,15/04/2026 13:55,16/04/2026 22:13,23/04/2026 21:28,09/05/2026 00:00
4f62d593acae92cea3c5662c76122478,dfb941d6f7b02f57a44c3b7c3fefb44b,delivered,18/07/2025 23:10,18/07/2025 23:23,20/07/2025 19:00,21/07/2025 16:19,31/07/2025 00:00
edc9fcd5f5ab3aa69901aa991026ee0c,07c457249ec4f7f19f0244025b671ccc,delivered,03/06/2025 11:55,03/06/2025 13:05,05/06/2025 08:52,14/06/2025 15:38,28/06/2025 00:00
540544251975ba4515aebe0ac8525067,09aa1b31dfac63e1e90d5ddf79560f86,delivered,19/06/2025 11:02,19/06/2025 11:10,21/06/2025 18:43,30/06/2025 14:27,11/07/2025 00:00
d4e413e096efb5d9b209b28ac79c62b7,18f711d8d5d66c0a2d470f4b851e8038,delivered,28/06/2026 09:12,28/06/2026 09:31,29/06/2026 08:42,19/07/2026 19:55,13/07/2026 00:00
afc164a698c08de061cc7173650121fa,fdec684fa0be036ee7039f3edf5a0323,delivered,19/02/2026 14:27,19/02/2026 14:47,20/02/2026 20:35,05/03/2026 22:17,21/03/2026 00:00
3eb08a4c95b522bed075ec059ad858ab,8aac7e3ddd515089585bbab2b7d85aa8,delivered,07/08/2026 22:03,07/08/2026 22:15,09/08/2026 10:56,17/08/2026 11:42,21/09/2026 00:00
317c2c773295f70b67e5511ccd55f81c,1a87ac7d56c7f9d337a271a7c157184c,delivered,01/08/2025 00:03,01/08/2025 00:43,03/08/2025 16:29,09/08/2025 16:14,21/08/2025 00:00
115cf7c242febcbed832ad6d631db40e,aa7aba441952b013edbf055028d6e7dd,delivered,11/05/2025 00:08,12/05/2025 02:45,15/05/2025 12:08,16/05/2025 09:47,26/05/2025 00:00
4cf6bc9c5e6ff30151bfb6f92f791b28,515dcc3641e65fbef358398ae6dc91cb,delivered,23/06/2025 20:43,23/06/2025 20:55,26/06/2025 14:22,12/07/2025 16:17,25/07/2025 00:00
2f6e1ce2926b6a1f5f9ea11d94b58cb0,8d0705b3e380f94aacb2c36ecc0bd425,delivered,25/05/2025 12:57,25/05/2025 13:10,31/05/2025 14:17,19/06/2025 17:43,26/06/2025 00:00
60218eecf87eaeb58657769f328f2726,98a0dc59ecc82225fd647c39cbdf1494,delivered,03/09/2025 12:01,03/09/2025 12:15,05/09/2025 12:17,11/09/2025 19:34,28/09/2025 00:00
c6c17394464f987209982d3f1423f068,4f4ed20c56c49d645e19d6e63e37517e,delivered,16/05/2026 19:04,16/05/2026 19:36,17/05/2026 13:51,28/05/2026 18:03,14/06/2026 00:00
2c5871f32e23db4f41bf1c58df2f1bee,072495211b56605859c385bdbd35103a,delivered,11/10/2025 09:23,11/10/2025 09:38,13/10/2025 14:00,23/10/2025 20:33,30/10/2025 00:00
13cde3630a835cffb389eee14cbc0e1a,458a7594568f442693c952daece0fd1f,delivered,06/03/2026 06:16,06/03/2026 07:08,16/03/2026 23:18,18/03/2026 14:44,06/04/2026 00:00
825c221a4e981f278e9c5ec6ead83a3f,933bf00ad9a4f8bfd36bd85e09bd6cba,delivered,29/06/2025 23:08,29/06/2025 23:23,06/07/2025 14:05,10/07/2025 13:48,19/07/2025 00:00
a67f04f0a3022835f86664a0070fe36e,686427538716525c9b1b699caa2bd8f7,delivered,18/07/2025 13:02,19/07/2025 07:10,20/07/2025 19:06,26/07/2025 17:13,10/08/2025 00:00
0a15572811e0bc23e2963de1cdf344f0,a0a88da4a6858c8d7cc650bbd21949e8,delivered,19/04/2026 10:59,19/04/2026 11:36,19/04/2026 21:36,04/05/2026 20:04,23/05/2026 00:00
1389d3b1fab26d87e40c382d11a8ac3c,e4a1289920c7a33574e0433abd5b90d7,delivered,14/08/2026 22:49,14/08/2026 23:05,17/08/2026 13:18,27/08/2026 19:51,06/09/2026 00:00
fa2de0086db43d394d58f69a111f8f69,254a99b66d18dc590fb0b5e226382afb,delivered,05/06/2026 21:32,05/06/2026 21:53,06/06/2026 14:17,12/06/2026 18:32,16/07/2026 00:00
6c27984bddb654e222cd1b9a238d2e74,722dd6e14d2f43121531d24edae4e1e7,delivered,17/05/2026 16:38,18/05/2026 04:54,18/05/2026 13:51,04/06/2026 15:51,11/06/2026 00:00
e19a8635d806af6ae2d20b3de998b0c8,67a6887d8952c16de0e49e6ad2d6e2a4,delivered,03/10/2025 10:38,03/10/2025 10:51,03/10/2025 16:05,06/10/2025 18:28,27/10/2025 00:00
a6f118bcb8721211afbb36e4a1e63610,e09c6265f1f8647749be9898aa511e98,delivered,16/08/2026 11:22,16/08/2026 11:35,17/08/2026 13:59,18/08/2026 18:04,21/08/2026 00:00
943dc313319b98a46f1aa70d59b68715,c0ca3b0cd457d58573982009c592f913,delivered,29/06/2026 11:50,29/06/2026 12:10,02/07/2026 14:11,06/07/2026 17:51,27/07/2026 00:00
360d1b0085f85a626f77b5fe558e8ae8,33c7436be4e08a85eb14b56f24f4506f,delivered,18/07/2026 12:10,18/07/2026 12:22,18/07/2026 14:09,01/08/2026 21:04,03/08/2026 00:00
26543fb8b34f4547bcbbd431f998ee76,7b795a9df1fb7368c9c00514370d5c4f,delivered,08/11/2025 16:12,08/11/2025 16:30,09/11/2025 15:18,06/12/2025 12:48,28/11/2025 00:00
bd34db34f886a82d2f7e9214b6fd01e0,5c2bab9a09604f016d9ccd13242db649,delivered,10/01/2026 19:34,10/01/2026 20:08,11/01/2026 20:23,23/01/2026 19:52,14/02/2026 00:00
f2120851611e040d268c3be41ac51228,4428f44a71d4ed03fdaa62d4ed852f12,delivered,14/09/2025 19:23,14/09/2025 19:44,15/09/2025 17:18,18/09/2025 18:08,26/09/2025 00:00
0c91c4102d1858f4ced29970f55e54a0,ae8ed9c83d32613ae9f7e6c72443cdbb,delivered,01/03/2025 10:46,01/03/2025 11:01,03/03/2025 13:51,07/03/2025 07:57,28/03/2025 00:00
479715da59efdc67c1722f985a94d18c,8683c94ecfeed1552bd8b944bf81d66d,delivered,03/09/2025 23:44,04/09/2025 02:31,05/09/2025 15:55,11/09/2025 17:03,22/09/2025 00:00
4cddfa3db1f20697139ba4a46c4fd399,24cddae2e51926ae7ac40c628a8338ca,delivered,22/07/2025 19:06,22/07/2025 19:15,26/07/2025 18:46,17/08/2025 13:42,21/08/2025 00:00
14e3b02a42f36ad7bdcdc8a0df427be3,178e6ac2e067591cde169461107ac469,delivered,10/03/2026 17:26,10/03/2026 18:08,13/03/2026 15:56,04/04/2026 16:22,03/04/2026 00:00
a820e4b8830258a148d161ba6d8bf419,ae8103a85db8c3dfc90a0473e90db207,delivered,13/06/2025 14:51,13/06/2025 15:10,14/06/2025 15:33,22/06/2025 16:22,06/07/2025 00:00
0c5c8063a673f3c44b6499053e534ccb,3b0841e521dffa992a8ef9e4e00b2c9e,delivered,08/01/2026 20:04,08/01/2026 20:12,10/01/2026 19:28,17/01/2026 18:59,06/02/2026 00:00
636f0241ddc83a3b9e37a8088167bd45,0d14d28bc941474750feb2e030e54460,delivered,22/10/2025 00:31,22/10/2025 18:33,23/10/2025 12:48,03/11/2025 17:27,09/11/2025 00:00
afd1ca4a245a9a04d0f8d5dc1ccb7ed3,cf78fe7532c375731b3d6ce693a8600c,delivered,17/04/2026 13:32,17/04/2026 13:51,17/04/2026 22:20,23/04/2026 21:13,09/05/2026 00:00
27d6233886151ecc1ed368ce120ec5cf,508477b76a482e31673805fe43e12760,delivered,15/05/2026 22:05,15/05/2026 22:33,16/05/2026 14:08,22/05/2026 22:12,07/06/2026 00:00
2fc4ba497db1306b9048aceaf0f7e5a9,3ebebafcab1829291818288df19d4def,delivered,22/09/2025 11:41,23/09/2025 02:30,27/09/2025 18:17,03/10/2025 22:40,19/10/2025 00:00
3d4bfa3de7e617f61d1ee3c87e95b204,5e98755f49cf29e4e9e87d81d2f86db2,delivered,28/05/2026 09:26,28/05/2026 09:52,28/05/2026 15:16,14/06/2026 00:46,16/07/2026 00:00
0452166f3b0d8e378179ecea1efdfe05,f9ea98973ad5377b86d588b734afda06,delivered,10/08/2026 11:25,10/08/2026 11:35,13/08/2026 15:13,14/08/2026 22:44,16/08/2026 00:00
b8fba4dc6ff421731ed01f46c701084a,16292a565a0a28cb79837f9e0aee1ffa,delivered,09/01/2026 12:23,11/01/2026 03:08,15/01/2026 16:17,22/01/2026 21:51,02/02/2026 00:00
b3e2b81932a8bc32dfffd128937c3c5e,cb633030180d869d7bb76aa783a78b6d,delivered,04/07/2025 23:29,05/07/2025 17:36,07/07/2025 13:11,10/07/2025 19:07,18/07/2025 00:00
8a2d731a57d62d23bbf9556f80343140,3e2c76f875903f5937c2713907124051,delivered,06/06/2025 21:25,07/06/2025 02:45,07/06/2025 09:48,22/06/2025 17:52,27/06/2025 00:00
f939e2a89376e44158657a15465cacce,ec980872eea3778facea3e17ec48107c,delivered,08/01/2026 16:02,09/01/2026 07:25,17/02/2026 02:21,03/04/2026 17:38,19/03/2026 00:00
8b50d4c9560cac1625c6fd9f536fc780,7372fb39ddd5b2bcfb9466a66fa69dd3,delivered,24/04/2026 21:34,25/04/2026 21:30,26/04/2026 07:17,03/05/2026 17:12,22/05/2026 00:00
5620e57611d71ee82bf1b40183f57bdf,9b079dd2ab921fbefaa935054ed0e183,delivered,14/02/2026 10:53,14/02/2026 12:00,27/02/2026 15:33,28/02/2026 16:37,14/03/2026 00:00
0724cc371750e7fdfe769d2a8bdd5b92,650a73a3bd9b9aa96aa43406dd84fdab,delivered,19/01/2026 15:14,19/01/2026 15:36,22/01/2026 15:17,03/02/2026 13:18,20/02/2026 00:00
a52e6fa2d7c6ecaf73ff5f7f10438339,0324eee00643cd63d11ec25cb930d53e,delivered,28/01/2025 20:09,28/01/2025 20:32,30/01/2025 12:00,08/02/2025 12:31,07/03/2025 00:00
f97b2bdfbaca9c2f04722d8cbc8cc8a5,3ba38209ae8f27771c90ec6b410f2043,delivered,08/08/2026 18:34,08/08/2026 18:45,10/08/2026 14:49,16/08/2026 22:31,24/08/2026 00:00
09fd9b0402ed675bbd1ee1e81171ac7c,06d529bccb0825265d8b5b73c66e53d8,delivered,18/08/2026 21:36,18/08/2026 23:31,20/08/2026 13:47,29/08/2026 20:17,21/09/2026 00:00
19230cac8f45f89fc992b4048422b72e,f859fb23e2e8315da5d17d72d4f372f5,delivered,25/02/2026 17:19,25/02/2026 17:30,26/02/2026 23:44,06/03/2026 18:41,19/03/2026 00:00
8bca89b4311c48e6e6a22acd5cebd242,ecbefacde17c98967b427a3a1f98880e,delivered,27/03/2025 18:45,27/03/2025 18:55,28/03/2025 13:12,05/04/2025 13:34,20/04/2025 00:00
cca0fdbe32d86d386a95c02433412640,e25f3c0da7eeb0dd9bb46770cd17a61f,delivered,27/06/2026 09:26,27/06/2026 11:05,03/07/2026 14:47,14/07/2026 12:51,27/07/2026 00:00
243312dbb316253ab77bb0140d94803c,680e38a70d371582570f41cc47dc2791,delivered,17/03/2026 08:21,17/03/2026 08:49,19/03/2026 19:12,21/03/2026 12:24,05/04/2026 00:00
8628cf35f313fe2e46a2168f21860031,e9fbe7886163acf808479322d2b87ccb,delivered,18/11/2025 19:49,18/11/2025 20:06,22/11/2025 13:38,02/12/2025 00:46,11/12/2025 00:00
65a9d3006386a380f4b594577a01cef0,fb611ba8817096ba3bdc1d9807f5cdac,delivered,16/01/2026 21:39,16/01/2026 21:51,01/02/2026 02:44,19/02/2026 12:13,01/03/2026 00:00
dc078338903735916fab84f036188dcc,59227a9b6b75b6c0612c26336eec0a47,delivered,18/04/2026 04:57,18/04/2026 08:34,23/04/2026 20:48,27/04/2026 13:53,16/05/2026 00:00
bb95c9f509ff2da87b6015a0d9046f0f,8e7952773b680825d0c65e05592440e7,delivered,05/05/2026 16:47,08/05/2026 04:15,09/05/2026 11:06,14/05/2026 18:42,24/05/2026 00:00
853927b32b0ebc007ece729a314338cd,be0e2abfe1e57a99b37f471ba7380aa6,delivered,24/01/2026 15:42,24/01/2026 15:58,25/01/2026 14:52,21/02/2026 00:19,05/03/2026 00:00
f33aa647f08ec9623c76b6212be92333,f6750b796dc102521e62579639ad43b1,shipped,23/05/2025 17:03,24/05/2025 02:55,24/05/2025 12:31,,19/06/2025 00:00
c8426a2c3cc5c11e8aa0789c3238d4d9,6b05139c22666edaab8363c643187ed1,delivered,16/10/2025 23:26,16/10/2025 23:49,17/10/2025 22:35,24/10/2025 17:33,01/11/2025 00:00
99f10393ec3328b3b416a154afd5d714,b593c249903e4280399e991fdbe8d7a3,delivered,19/07/2025 23:51,20/07/2025 00:45,26/07/2025 11:07,04/08/2025 18:06,17/08/2025 00:00
8304f049f874798b19276d475a0b1851,5044e8b37438c40fd1ec142dfb1d6807,delivered,08/12/2025 23:44,08/12/2025 23:54,12/12/2025 13:33,26/12/2025 15:14,04/01/2026 00:00
c5ba516dae0f7c34ba8ad92dad570249,7e65f2e10589a7e3149badfe2d5ccb42,delivered,26/08/2026 21:01,26/08/2026 21:15,27/08/2026 15:52,29/08/2026 15:52,06/09/2026 00:00
bb102364b6a29f9f8683f21e5825595a,229d046873d7452a773c42e0f35916f9,delivered,18/01/2026 10:20,18/01/2026 10:31,19/01/2026 22:28,23/01/2026 15:07,02/02/2026 00:00
f65681ae52bf95372fcd66c697752f3d,eb47fece1267f094ec35bc6efb35b9a6,delivered,15/06/2026 00:41,18/06/2026 10:33,25/06/2026 12:56,26/06/2026 21:18,04/07/2026 00:00
5001ef7f5cc08023f39a4f6b7c09b5f5,b970847909a71ab7da63fe4fa663987e,delivered,16/05/2026 22:28,16/05/2026 22:55,17/05/2026 12:46,21/05/2026 19:52,30/05/2026 00:00
1e2b94b476c8738fbc5aed69524f2da4,15377ad18854e02069af4900c8e4039f,delivered,07/08/2025 13:02,07/08/2025 13:15,10/08/2025 17:07,24/08/2025 21:33,31/08/2025 00:00
b1d045cd447d2961b72e0d67c18f5d94,aed3f1f445a4ea906938e139249662a9,delivered,06/06/2025 21:49,06/06/2025 21:55,07/06/2025 09:48,26/06/2025 14:22,27/06/2025 00:00
ea1857c97012fbeb3b4babd5892ebc7a,bf96e70ffefc1f625f3db89f1949af48,delivered,30/05/2025 15:55,30/05/2025 17:34,05/06/2025 09:52,09/06/2025 22:55,22/06/2025 00:00
e0043b9e113bdc5f84b14893d62e00ac,567e09a51ff57f2f6ef54ef2dcb742e8,delivered,24/11/2025 12:00,25/11/2025 04:15,29/11/2025 15:12,30/11/2025 19:26,08/12/2025 00:00
0ca1bac7f133e0eced641bff853f52ea,c38daf55356a31e900fd1f44eb1609d5,delivered,31/10/2025 20:45,01/11/2025 03:15,01/11/2025 17:12,07/11/2025 20:18,21/11/2025 00:00
4ce0d39282d4d45834a51b1ca7fbb311,33b83055b03f489566ebb99c68d45cee,delivered,01/02/2026 09:11,01/02/2026 09:31,06/02/2026 00:48,21/02/2026 21:55,23/02/2026 00:00
37c8cbbb816470ceb8a3026653cf3d3c,0c6ddd0fc46185e7fd0bb6d767bf4d36,delivered,01/03/2026 15:25,02/03/2026 02:10,02/03/2026 21:56,04/04/2026 00:29,26/03/2026 00:00
d43d694cf81ca89d8e50c6f3c199f0de,1e46b29a43929d0f05b69dc61a3668aa,shipped,18/01/2026 15:07,19/01/2026 16:59,23/01/2026 23:14,,09/02/2026 00:00
7e28a3542ea8306e42298ea3718222ee,b14a788b10030beb7ea368ea345caf7e,delivered,16/12/2025 16:38,16/12/2025 16:53,20/12/2025 19:11,26/12/2025 15:33,11/01/2026 00:00
00fc308dd7f0937682698becaa9dcc45,f40f31f8bfcc5f74d9d246354b90af09,delivered,20/08/2026 19:51,20/08/2026 20:10,22/08/2026 14:26,28/08/2026 01:52,06/09/2026 00:00
ca7296a83aa279afb28c2388a4f48891,daada56f7d2e74dfd291d652b7e03ac2,canceled,07/02/2026 09:48,07/02/2026 10:10,08/02/2026 23:26,,07/03/2026 00:00
a95f8f8384a13be626e06154468a9200,aea320a768b6bf82d76979c16260e2a9,delivered,12/02/2026 08:20,12/02/2026 10:00,16/02/2026 01:55,27/02/2026 20:22,07/03/2026 00:00
33c1911ef3652a03c6cb098b9399b1d3,70f95a47532d0a1ffd3b15302f61a1bf,delivered,03/07/2026 15:14,05/07/2026 16:32,04/07/2026 12:14,09/07/2026 20:26,27/07/2026 00:00
c6c96aae858cf470816e5080de363e47,3ea720b336a4ee1c2a5fa2b77cec0d48,delivered,17/07/2026 19:48,17/07/2026 20:10,19/07/2026 11:16,23/07/2026 22:37,02/08/2026 00:00
f00c74caaa25430b1fa361c158e8996a,e1ec5ddd749cd760a0c408a40ae5a4a3,delivered,09/05/2026 19:19,09/05/2026 19:35,24/05/2026 09:50,20/06/2026 13:35,07/06/2026 00:00
546c8958ff67b28473cf140ec32a5a91,a88f6b2e3e51c830e4850876c911fb8d,delivered,24/11/2025 19:47,24/11/2025 22:56,29/11/2025 11:37,27/12/2025 15:00,20/12/2025 00:00
a25b9ed9a3a53f53489c105482625129,22a7b639ea009c1e430eb43244204bda,delivered,21/06/2026 19:04,21/06/2026 19:21,22/06/2026 14:41,25/06/2026 15:56,18/07/2026 00:00
6699d7eb202a80ad0dd024134fe5ed60,18715b86f15b55cc06dcaef3708656c7,delivered,15/01/2026 00:14,15/01/2026 00:29,15/01/2026 21:33,24/01/2026 20:18,19/02/2026 00:00
95de62498e177002f6ef1949e2e788ea,80acb244f16eb759ec0bafcb47c21cce,delivered,07/02/2026 19:29,07/02/2026 20:32,08/02/2026 18:36,16/02/2026 22:37,06/03/2026 00:00
7e09cc861487709e81e6c729d2635208,bbe208ab812ec207b4af5580b64e68cd,delivered,05/12/2025 13:33,05/12/2025 13:53,06/12/2025 00:27,22/12/2025 15:07,08/01/2026 00:00
083ade26303c53b4aa1c779b67d44485,9388bb1d7e8b53211cff72e787efb6e7,delivered,07/06/2026 20:38,07/06/2026 21:35,11/06/2026 11:27,15/06/2026 15:38,23/07/2026 00:00
a1e393fb70c2916de4f93974682521a0,7c70a35d01718282e98dbe56e2765377,delivered,01/04/2025 21:35,01/04/2025 21:45,03/04/2025 14:43,06/04/2025 11:13,26/04/2025 00:00
5cc6d864fa9e1a90eaf5207737549ffc,8b574f4c72ba3539b5a1cfe2429352a4,delivered,07/11/2025 19:49,07/11/2025 20:06,08/11/2025 19:28,15/11/2025 16:22,01/12/2025 00:00
32f7f9fd01c6b5592202b48442caa441,db1f2c9256482f22307b39827a99f732,delivered,10/08/2025 21:05,10/08/2025 21:15,11/08/2025 20:48,22/08/2025 12:44,08/09/2025 00:00
f51cb113ad5e21bc6d8082bc824fb25e,23304f69dac259edcc18688d38ab9250,delivered,08/02/2025 14:36,08/02/2025 14:45,09/02/2025 16:08,13/02/2025 10:05,09/03/2025 00:00
51c064ec2d79d398b30db3f8e1de8ec8,91da5278c565f5d5d22b3724ec4839fd,delivered,04/05/2025 19:16,05/05/2025 02:25,05/05/2025 13:30,10/05/2025 09:17,29/05/2025 00:00
d8d8abd9a4aa1b36575678bdf5e9d23e,aadf2752fbf607535468b271f7f7d094,delivered,12/03/2025 22:47,12/03/2025 22:47,16/03/2025 05:37,31/03/2025 09:46,06/04/2025 00:00
0510f632b86f01064ebbde67deb63bb5,3413b1a3a719cf261ac926114e3d3da8,delivered,26/06/2026 23:37,27/06/2026 01:30,27/06/2026 08:57,04/07/2026 21:29,31/07/2026 00:00
2d5a9031ce30f2732d18bb3722b887a4,1fa1869a410018e63e73c5a1fe358492,delivered,22/05/2025 14:38,22/05/2025 14:50,24/05/2025 12:39,01/06/2025 10:55,30/06/2025 00:00
72c81a6a9dcf354f87393c361caa13ce,1cd146c5b0b02ca65ae036c0dfcc2f3f,delivered,20/07/2026 15:56,21/07/2026 15:50,23/07/2026 11:39,24/07/2026 18:30,30/07/2026 00:00
19aeea45917083f03541b7d11afc8e2b,afc216c58cdbe8ed9cebe1495b155a86,delivered,11/06/2026 19:19,11/06/2026 19:41,14/06/2026 13:30,22/06/2026 20:48,19/07/2026 00:00
7b4cc813e327ec14c78f547a763f46b8,725ba0268900143556050bd3513a3369,delivered,08/03/2026 15:59,08/03/2026 16:31,15/03/2026 19:46,29/03/2026 23:23,29/03/2026 00:00
0eb43791d78d71f1098d5cb2b46e4c7b,bab91c3c25a207c83b5c95392df95163,delivered,25/03/2025 14:57,25/03/2025 15:10,28/03/2025 09:51,08/04/2025 03:46,13/04/2025 00:00
6b751a27edaaa33537b2e893d7fd18ce,894337b29433786ec770ef5bf5475cba,delivered,02/02/2026 18:02,02/02/2026 18:31,07/02/2026 20:33,20/02/2026 18:41,07/03/2026 00:00
c263f74f0ce9f6d9e0f4608a22a67dfd,7dd4ca386e9a4add580925c77a483225,delivered,08/05/2026 08:46,08/05/2026 09:09,08/05/2026 15:28,15/05/2026 13:22,06/06/2026 00:00
7f922477f06db4ab69f6f173f439088e,ef019b3cc077faf03d999168daaf8d07,delivered,06/06/2026 21:47,06/06/2026 22:12,07/06/2026 15:01,15/06/2026 19:41,03/07/2026 00:00
56430e0b9968b381942760e433583b27,25fc5fcd13751095236ea257c9cfb62a,delivered,02/03/2025 07:28,02/03/2025 07:35,03/03/2025 13:25,08/03/2025 17:53,23/03/2025 00:00
8d23fb4e17833d8bf866d3ae3481a3cd,6e1291c1d47555fbfbf4fcfbfc13fb17,delivered,24/07/2026 08:48,24/07/2026 11:23,27/07/2026 14:12,31/07/2026 11:16,14/08/2026 00:00
e9977cc6d0f97447ef0f4fcc2e082fc8,9434d806ad79343f0380e4c9d87453bb,delivered,07/02/2025 10:26,07/02/2025 10:43,15/02/2025 14:21,21/02/2025 14:47,06/03/2025 00:00
e504f586e9ffc862cad95482af740af4,4d547b17f5dc533970786de8f7233eab,delivered,09/04/2025 19:10,09/04/2025 19:22,10/04/2025 08:40,20/04/2025 09:15,24/05/2025 00:00
8bfc859f734def7a579d24fe9b618da3,5b31d1ba9e2b08086f398b79477962d7,delivered,15/08/2026 20:51,17/08/2026 03:09,17/08/2026 13:17,29/08/2026 17:25,31/08/2026 00:00
3b1bf20520476dc7b150dd52f521e525,aea1dc2400dfb8eed8cc28b4f8f84faf,delivered,24/05/2025 21:39,26/05/2025 02:25,26/05/2025 17:53,02/06/2025 15:07,16/06/2025 00:00
778d960ed98fe278fca42ee20d002b1f,797b1107c9db6e7610141a5edc125009,delivered,03/05/2026 22:43,04/05/2026 16:30,05/05/2026 09:30,09/05/2026 21:36,28/05/2026 00:00
39c438f2a835b25cd51bbd1bed5d089e,94fc7152214303f351fb2a3a171d8386,delivered,18/12/2025 23:10,18/12/2025 23:30,19/12/2025 23:47,08/01/2026 17:15,15/01/2026 00:00
7deb5565bced95f67ceac6f5dc57d4f4,5a91625bc8965ebc869d9e5247df4673,delivered,22/01/2026 13:46,22/01/2026 17:37,26/01/2026 13:52,29/01/2026 17:28,06/02/2026 00:00
654236657c61378a35416f08170ff0ad,244c5781e9005c4d4ed312232b155b00,delivered,17/02/2026 19:32,17/02/2026 19:50,21/02/2026 19:49,26/02/2026 19:22,12/03/2026 00:00
e6d3b5b66f40a99ac01da49f4c543e36,5ad1822b8f9f79c3b54bcc1346280bcc,delivered,19/04/2026 07:24,19/04/2026 07:35,20/04/2026 22:26,26/04/2026 12:22,14/05/2026 00:00
7645406942825a748f5db38c177b0a5e,ab0703a77ae050888f246bbe42ae20d4,delivered,07/01/2026 08:07,10/01/2026 10:32,13/01/2026 03:52,27/01/2026 09:32,02/02/2026 00:00
2939b6d48c2488e276205bc547c56aac,6efbee10da96b631dcd2c0f3dcfccbd1,delivered,04/01/2026 17:32,05/01/2026 02:38,09/01/2026 17:35,11/01/2026 22:43,22/01/2026 00:00
5ad066b6e468fcd60b0d871bfa99112a,00c7e84c0c77753093b456d787638eed,delivered,22/01/2026 15:06,22/01/2026 15:18,23/01/2026 22:46,05/02/2026 15:38,23/02/2026 00:00
b4c45d4cc2a2e24e10d4e20bae928819,5feeb43744a61e50a53346dc3169225e,delivered,03/03/2026 21:40,06/03/2026 03:49,06/03/2026 20:27,16/03/2026 17:51,05/04/2026 00:00
fb66173878dcc988e4e3e1151901b298,5add6659c12e55e5d6379c8ce5786512,delivered,25/01/2026 23:02,25/01/2026 23:14,01/02/2026 23:29,28/02/2026 22:03,22/02/2026 00:00
53b48de8c162b1a00ace27c3c0a9b148,6cad8bda4d24c4f8c23b060739f09d50,delivered,23/07/2026 16:15,23/07/2026 17:20,24/07/2026 13:37,30/07/2026 18:16,08/08/2026 00:00
09a0d7c2cc6f652acd3537e7a91c7000,9462d88d82a551270b7c345a53aac7f2,delivered,15/05/2025 14:08,15/05/2025 14:15,16/05/2025 15:18,19/05/2025 12:59,02/06/2025 00:00
c7af2f59ff42f4410a1739111dbea489,896aac6741f1b66d32a3ef9a02617e90,delivered,23/06/2025 07:59,23/06/2025 08:10,26/06/2025 07:27,04/07/2025 18:32,20/07/2025 00:00
22df89b611e2a03b4957043cf949e51f,3703dabac361c6249a0d8d21564fb925,delivered,22/08/2026 09:17,22/08/2026 09:30,22/08/2026 15:44,27/08/2026 07:42,27/08/2026 00:00
82b1c20e33da405ba22cded4ff91d160,05ad208d1e3ae7d49fc33c89026327d2,delivered,12/02/2026 23:11,12/02/2026 23:27,15/02/2026 00:32,17/02/2026 13:29,26/02/2026 00:00
1c4b283e95602be28c975207016558f1,caa3fad70b77994e203633b13ea16118,delivered,31/07/2026 14:27,01/08/2026 03:31,01/08/2026 15:56,07/08/2026 18:55,13/08/2026 00:00
d95c203ba62b39ad3c3a2df8d5e7c052,b31b5ecd79d2528b3340abb86f5c2a4d,delivered,21/02/2026 23:54,23/02/2026 02:31,27/02/2026 00:08,27/02/2026 15:34,07/03/2026 00:00
3785ffb02b0b201a23df7daf357c271d,7cba2705c01b76fa986e0efd815d3b09,delivered,03/10/2025 13:27,03/10/2025 13:49,04/10/2025 16:41,07/10/2025 16:29,19/10/2025 00:00
832c61671b530bdc7d56880581bc2146,bc01d798f24a959b19dc8168975bf7ec,delivered,12/09/2025 17:00,12/09/2025 17:15,14/09/2025 21:50,18/09/2025 10:52,28/09/2025 00:00
38b80ac02e3ce34b306483fc57a33bc5,ceaeed79bef0496075037b3cc8eab28b,delivered,12/03/2025 15:34,12/03/2025 15:34,20/03/2025 12:44,28/03/2025 08:50,13/04/2025 00:00
cd323a618a599ad1cedaeb75d1d5b8fd,f68bb3a77af642b3618a3a67fa542e47,delivered,10/02/2026 12:33,10/02/2026 12:48,14/02/2026 21:33,20/02/2026 22:08,08/03/2026 00:00
4c074254980764fecff977c97ce88c4d,25b97380259fb4fa328c4ab94b33c81f,delivered,12/12/2025 11:14,12/12/2025 11:28,15/12/2025 15:20,21/12/2025 00:22,05/01/2026 00:00
07440dff5293ea24c5fac25a473c2eef,5941cab9faecc602df8b6e69150b9d65,delivered,29/03/2026 22:53,29/03/2026 23:07,02/04/2026 15:52,15/05/2026 18:49,26/04/2026 00:00
4abd25ff34f0b324cadc39a6529b05c8,48fd5f9b1d184c27ecb32729042a3200,delivered,30/03/2026 21:23,30/03/2026 21:35,03/04/2026 00:34,12/04/2026 19:58,24/04/2026 00:00
dc15d43ae100ecc5bac78d9e974af643,daf60dffd5783e6927f3660ed83ecdd1,delivered,19/08/2026 22:12,20/08/2026 22:10,21/08/2026 13:46,27/08/2026 17:34,30/08/2026 00:00
cd24256f456d55df11e3049017c86d05,846a4b8f5a1ef6bb498fdea341f425a3,delivered,14/11/2025 17:27,14/11/2025 17:35,17/11/2025 19:14,23/11/2025 18:49,07/12/2025 00:00
ca786c07fdbcd2a6beb42eab64c23a3e,e60d09530ea34dd2ad7a33d35bf73086,delivered,21/03/2026 17:50,21/03/2026 18:09,23/03/2026 00:05,23/03/2026 17:48,04/04/2026 00:00
fb469bc8a14b598d891a004c34546078,8cfccb3fb973f58b56ba50e213092e4c,delivered,29/11/2025 18:11,29/11/2025 18:37,04/12/2025 14:37,08/12/2025 16:03,26/12/2025 00:00
92f4f749aa508d58dee50d9ccdb6c9dd,5daf8a84ec87f4988b337626369c4dba,delivered,15/07/2026 07:33,15/07/2026 07:45,16/07/2026 14:55,24/07/2026 21:36,06/08/2026 00:00
4ed3b57567c08a15c71665d759230b6f,3488c223952176954f711d33db8c20a4,delivered,09/12/2025 01:49,11/12/2025 01:50,12/12/2025 22:54,23/12/2025 15:09,08/01/2026 00:00
699b7692e65138e6874b4c6f42202974,a7bc004b32eb75e7546d6b81d5b8fe44,delivered,07/03/2026 16:59,08/03/2026 16:56,12/03/2026 16:05,21/03/2026 20:20,23/03/2026 00:00
a5849d6f70582d4c5217bac6616a45fa,1373cf3dd7bd65ead85da26b09d4ac41,delivered,14/08/2026 10:03,15/08/2026 03:23,15/08/2026 08:25,20/08/2026 21:56,31/08/2026 00:00
0bc16cf0c58995bbc893af2e151534d0,7c6835555806136bacab36fd7fd8bb70,delivered,03/06/2026 19:34,03/06/2026 19:52,04/06/2026 11:16,13/06/2026 19:11,16/07/2026 00:00
def90fc6c7d21d34a14af3d6e4d866b6,c8830d8a8312a8b3b74370c4e61202ec,delivered,14/04/2026 13:09,14/04/2026 13:31,17/04/2026 15:11,18/04/2026 15:18,02/05/2026 00:00
ad9259e8a14df6ee75201925f28d4a8f,08a761b27ad72e5fa65e351ca23bb2f5,delivered,29/08/2025 15:02,31/08/2025 04:32,01/09/2025 18:53,05/09/2025 20:45,18/09/2025 00:00
99316aecfb3e31190e43714f7643a49b,cf72b318eb9cd0e7712a2c1bca227789,delivered,10/05/2026 22:27,10/05/2026 22:57,11/05/2026 14:53,14/05/2026 21:21,25/05/2026 00:00
5b7aed674843fc9b20d1c4cef543a761,d53c6b90e37d56179bc7524f9570c4fa,delivered,09/05/2026 17:23,11/05/2026 03:50,11/05/2026 15:35,18/05/2026 20:18,29/05/2026 00:00
309de5faf9baa8961fd068f3f4e44dcd,212faae3e5c3646879daad76a9f106b3,delivered,31/01/2026 00:05,31/01/2026 12:31,31/01/2026 20:46,11/03/2026 19:46,07/03/2026 00:00
45881387721786e660460cd8bfcb2010,bd7ca23c050b88950225b16f05d65e35,delivered,16/04/2026 20:41,17/04/2026 14:11,18/04/2026 12:38,10/05/2026 14:06,15/05/2026 00:00
42769a5163a34297f4458dbccf206b36,fa8aaa18814fdd364807cf2de3b57fa5,delivered,24/08/2025 16:44,24/08/2025 16:55,29/08/2025 19:27,06/09/2025 12:41,20/09/2025 00:00
4d34da0824213ee7962a5c5ed32b3f51,a428b29ed08b54ee2ba2c4f06f1a0172,delivered,10/02/2026 17:01,10/02/2026 18:00,14/02/2026 18:46,19/02/2026 10:33,26/02/2026 00:00
c0364ee18a0b18e6da5e7754cf4f4e8a,6842592a4cdd735bf3fd43ce522773ef,delivered,13/02/2026 11:35,13/02/2026 12:47,21/02/2026 10:53,26/02/2026 20:54,15/03/2026 00:00
9292a5004e4adeb999700abae47eb13b,3048281f246c7e5342d10ac837c5c8ee,delivered,30/05/2026 14:32,30/05/2026 14:57,30/05/2026 13:40,11/06/2026 18:32,13/07/2026 00:00
5cf925b116421afa85ee25e99b4c34fb,29c35fc91fc13fb5073c8f30505d860d,delivered,18/02/2025 16:48,,22/02/2025 11:23,09/03/2025 07:28,31/03/2025 00:00
e68a0761535bd432bb847f4ae7b7b4c0,d9d2cd20127873b3196b6847b7810504,shipped,22/11/2025 17:11,22/11/2025 17:30,25/11/2025 01:22,,08/12/2025 00:00
99dde9a4d6ee5c602380551b002ddad7,5229e43884ffd6794e9397bd346ab7dd,delivered,04/09/2025 12:57,04/09/2025 13:10,06/09/2025 19:05,13/09/2025 20:53,22/09/2025 00:00
b89601b4491425014432a96e02034092,be803b9fe5a431219ecfd15e355099a5,delivered,18/01/2026 13:21,20/01/2026 09:07,23/01/2026 19:28,06/02/2026 17:58,08/02/2026 00:00
717b5830932c155c67ba3232934a93c5,acec81168c11c0d01d9d5955a3d507ab,delivered,23/07/2026 12:50,23/07/2026 15:31,24/07/2026 14:51,28/07/2026 00:08,14/08/2026 00:00
343ee80178e16012130cb0007eac5888,aeed83f14583aecd0c82d49c45a833a8,delivered,25/11/2025 16:16,25/11/2025 16:32,29/11/2025 23:12,20/12/2025 20:27,22/12/2025 00:00
904d1d3bf21a8c56e931f8ac05d284c6,417ba684f004a0a409878bbfe65cdf3b,delivered,15/07/2026 07:18,17/07/2026 07:31,17/07/2026 12:07,24/07/2026 16:04,31/07/2026 00:00
20cae0a28869a4321d8fe372731f80e0,c3537eef72f2b883b3cbc75b1b9480b5,delivered,15/01/2026 23:42,15/01/2026 23:53,16/01/2026 19:34,26/01/2026 17:25,30/01/2026 00:00
f75517cfb973c21eab8559a870263794,cabb8af06c1bc856f52368fd7772e41f,delivered,04/07/2025 19:48,05/07/2025 17:42,07/07/2025 13:11,11/07/2025 20:27,27/07/2025 00:00
f05ef3ecdb7796d93e204c0a7ab76759,98fb13b264449f06da6834b86e0693a8,delivered,30/05/2026 20:36,30/05/2026 20:55,01/06/2026 13:51,06/06/2026 19:39,12/07/2026 00:00
d8c441318d48082352e8592142db807c,2a5ed0328806da6241e75520ed74d9e6,delivered,20/02/2026 15:11,20/02/2026 15:31,24/02/2026 00:32,16/03/2026 21:32,12/03/2026 00:00
229d2824e311bf2592b6b7ce32af04a8,6d257eb6ad859a44e9f7815a121cc9e7,delivered,23/04/2026 12:12,24/04/2026 17:22,24/04/2026 18:38,10/05/2026 20:36,28/05/2026 00:00
f12ff3c8b8e4945b4d0331a56df6ef85,833f9bfebc6895534e9567939653e933,delivered,09/04/2026 19:07,09/04/2026 19:29,13/04/2026 17:42,19/04/2026 23:52,07/05/2026 00:00
233f0d86db908dbeb6c2ae5675b31e71,bbeb2d228004bb46b49889f614f80c48,delivered,15/11/2025 20:55,15/11/2025 21:10,16/11/2025 14:17,21/11/2025 13:58,11/12/2025 00:00
0c11df2b80d95b1eabdcdf3790bb3347,498262061f04103f440f2e643da02027,delivered,10/03/2026 17:32,10/03/2026 17:45,12/03/2026 22:28,24/03/2026 14:12,02/04/2026 00:00
cd3e9759dc483946db2133168746fddf,8ebee0cc741eb27e8501e4b4e3c6422d,delivered,28/06/2025 10:49,28/06/2025 11:05,29/06/2025 17:01,07/07/2025 23:36,01/08/2025 00:00
6f6785dde266434130a2aa8af06a52b7,e19274edf7a9c51689822810be84c9e9,delivered,05/06/2026 12:14,05/06/2026 14:31,07/06/2026 08:29,16/06/2026 22:42,11/07/2026 00:00
af85e6e8c9f67f653b51429df7839001,b704f6bff2b0add361439bc7ff6891b9,delivered,06/03/2026 14:22,06/03/2026 14:35,12/03/2026 18:47,18/04/2026 00:54,06/04/2026 00:00
a162da83b66ff8c619d83b87c1de93b9,9dfa54220517b2eceea1134d006e2fba,canceled,07/08/2026 14:27,07/08/2026 14:44,,,21/08/2026 00:00
2e4d78cc067d04eaaf791ecbfb2bc3ce,5234fd7181ad48cc892aeffb5cca652e,delivered,14/04/2026 09:18,14/04/2026 09:31,16/04/2026 15:19,17/04/2026 23:18,26/04/2026 00:00
1674cd4deb921f97a794a8401ce9017b,710f531a591d1042892eb71a78499cd5,delivered,18/12/2025 18:30,18/12/2025 20:31,19/12/2025 19:47,04/01/2026 20:13,18/01/2026 00:00
1fbebbbba3149f89e410951ca531cae2,5b9e676ba4af242f149ba51d095d4f5d,delivered,01/04/2026 18:13,03/04/2026 05:50,03/04/2026 21:07,13/04/2026 23:06,23/04/2026 00:00
454b6ccf9f8f2c12b3a00ee763e027b9,01214c5f31d06b6da030e5825b431446,delivered,19/08/2026 14:59,20/08/2026 12:11,21/08/2026 14:50,24/08/2026 16:52,04/09/2026 00:00
29d3f2fc23b7f95b28dbe5e3ef783d93,cb3ee5f55f9cbc6ed99ee638a4c72613,delivered,06/08/2026 13:51,06/08/2026 14:05,07/08/2026 11:47,13/08/2026 19:12,17/08/2026 00:00
249ec92a8757d3abe81210827a19f08f,0fd9e022d3e82c6e05d0104ce129466c,delivered,15/06/2026 10:36,15/06/2026 10:57,18/06/2026 15:27,19/06/2026 19:57,03/07/2026 00:00
3a97b29009aa1ec54a67fd256b762b14,83f98a31688d3ce5de0bc10d5c375ce0,delivered,07/08/2025 16:31,07/08/2025 17:03,09/08/2025 19:10,22/08/2025 17:46,31/08/2025 00:00
008a40c2b8b21893e04945ce58854b55,a11dde3e6e22e6541818f5e81563bfc7,delivered,29/04/2026 20:26,29/04/2026 20:54,03/05/2026 12:01,08/05/2026 17:14,28/05/2026 00:00
ff54c442f3e9f50941a09dcf4e061e6f,c761ebec64b4f7a47b094442b3dbfe0d,delivered,08/02/2025 14:42,09/02/2025 03:03,20/02/2025 07:35,25/02/2025 05:57,27/03/2025 00:00
e06ff711ddcab05c3651a9b1bb003950,bc4e6f215af91483d54431baacb9506f,delivered,02/03/2025 11:53,02/03/2025 12:05,03/03/2025 14:09,14/03/2025 15:47,23/03/2025 00:00
9e711ba681b09da30750ac0fe7a0cc3b,0a9b989d01b6dcfb690b128b24ab3221,delivered,29/09/2025 22:53,02/10/2025 15:35,03/10/2025 22:42,09/10/2025 19:08,07/11/2025 00:00
f23a4132d42810c7f591d372282ae3eb,57690c2fc610a75de4875a2b9f1826e6,delivered,18/07/2026 16:47,18/07/2026 17:02,20/07/2026 08:46,23/07/2026 21:08,06/08/2026 00:00
132ab6f8e1c86c21b064ee8832129bb1,78d5661572968e9b17462be561afa42c,delivered,17/08/2026 16:53,21/08/2026 04:35,22/08/2026 08:07,27/08/2026 23:32,12/09/2026 00:00
ac8b3ecc5daa5b2d54a81b3ba337bf6f,769ff3a041b439485ac1e0db67d72fcb,delivered,23/02/2026 13:45,24/02/2026 03:20,27/02/2026 22:47,02/03/2026 18:08,16/03/2026 00:00
8ef3801f58da6b652a3082e1fa5b6589,5133dfd79e71fc9244e60dde0bb6229a,delivered,11/03/2026 09:17,11/03/2026 10:09,14/03/2026 17:41,19/03/2026 17:06,28/03/2026 00:00
e750c043ac98c8eb957cb52789f126b0,13cd366fe64b37786a0c7cf845d1711f,delivered,15/02/2025 16:18,15/02/2025 16:25,17/02/2025 15:52,23/02/2025 08:44,14/03/2025 00:00
4cea4082bde3d6f0846e8a5537f3eeb4,8b70e14114ad1b6f5050481b48c24a24,delivered,10/12/2025 16:03,10/12/2025 16:13,11/12/2025 21:18,13/12/2025 16:47,28/12/2025 00:00
fea5a631859ef3c5c4a7ee9ff36096a8,cf6c82a042005e750e4b3d9c67c4ff03,delivered,22/10/2025 23:54,23/10/2025 00:14,23/10/2025 23:03,04/11/2025 17:34,14/11/2025 00:00
08d3b6ee17b7cb32e530f4488c3f6abf,1a954bbd169e7813291d468aff07267d,delivered,27/07/2026 14:32,27/07/2026 14:45,31/07/2026 14:47,03/08/2026 14:06,10/08/2026 00:00
a61bafa3b59313a79ecd7be1ca2a2477,5d2c31fb208857c95e5fe089f10e0479,delivered,22/03/2026 22:57,22/03/2026 23:10,23/03/2026 21:22,05/04/2026 16:39,27/04/2026 00:00
2e823fe077401bf3d30b8a47e324571f,3e4d5f8f67400f2829ce7e9dec5ecb78,invoiced,15/02/2025 14:38,15/02/2025 14:50,,,22/03/2025 00:00
6423db30ee1e8cbd5d066f414bde1a0e,fd50af22f5637b7daafbab8605f402ef,delivered,21/04/2026 22:47,24/04/2026 18:06,24/04/2026 01:17,26/04/2026 09:08,17/05/2026 00:00
a45087c16cf11897252052baabb332c0,44c788d8ffa07a4963c9b8bd8017d151,delivered,02/09/2025 21:36,02/09/2025 21:50,06/09/2025 16:47,11/09/2025 19:45,22/09/2025 00:00
737a2768fd261ef8391251a0ccbf150a,fdb23f61fc434280c9c4775870bb3e25,shipped,08/06/2025 16:43,08/06/2025 18:00,09/06/2025 15:12,,13/07/2025 00:00
5c1a7adae63c3dd38c445817f9947cf2,a55b85ff2960e23e05447c3c371899b0,delivered,16/03/2026 11:11,17/03/2026 02:40,20/03/2026 00:37,26/03/2026 14:17,05/04/2026 00:00
0965b209e76b9ac20f7dc673c735ade3,62beebea8629d73ab3ca95c23ed239ae,delivered,08/02/2026 09:30,09/02/2026 02:55,09/02/2026 22:17,07/03/2026 20:35,07/03/2026 00:00
fa1885a7cb632c832c660cc710bae77f,911ddd6a22200fb5be95414c01dbab72,delivered,08/04/2026 13:05,10/04/2026 04:10,12/04/2026 16:41,19/04/2026 00:33,14/05/2026 00:00
24df3585323f6a191abb565d1706daf2,f37e018586ddc359d2f1ad32f64ff8aa,delivered,14/08/2026 23:23,14/08/2026 23:35,20/08/2026 11:10,28/08/2026 21:32,30/08/2026 00:00
fe8568b0167c1e87d6f1dab1033c9278,97396993d63e820df7610ffaa26f14fd,delivered,30/03/2026 10:14,30/03/2026 10:55,02/04/2026 19:08,10/04/2026 22:31,18/04/2026 00:00
abd7d619de0d42df3a64707190c05bb6,1f72dd32d17ef87a76bb334c45094010,delivered,07/07/2026 09:21,07/07/2026 14:05,27/07/2026 11:03,03/08/2026 16:46,13/08/2026 00:00
1527028c6f0d2ca7a42e5337dc2762e5,da40474632f5b5c599e949b0800e7d64,delivered,08/05/2026 20:34,08/05/2026 21:11,15/05/2026 14:30,16/05/2026 19:54,21/05/2026 00:00
b17838c714aef16bc099010feb2261ba,b544075a6d77dcd06337afdb49927000,delivered,14/06/2026 14:53,14/06/2026 15:20,15/06/2026 13:00,19/06/2026 20:20,28/06/2026 00:00
91ad6a8d591e94d9e1ca998185243e2d,941a225471304a6c4d1e3694b7a19220,delivered,17/12/2025 17:54,17/12/2025 18:09,18/12/2025 19:57,05/01/2026 19:59,11/01/2026 00:00
5b74abebfd5bc1d137d7ade71c5cfd36,f4514fc7499d3434ea63195c12bfca4f,delivered,24/08/2026 20:22,24/08/2026 20:35,27/08/2026 14:47,28/08/2026 21:11,12/09/2026 00:00
19dc396137b147d804b74b9e5bbb9875,ff6b00a007b6c413a1106354f2588a07,delivered,25/06/2025 15:26,27/06/2025 03:43,30/06/2025 12:04,11/07/2025 16:03,18/07/2025 00:00
056a1317ffaefaa2dff2d9ecb54fc7bc,3c3cc3aa98327a4a14d761d165a30f32,delivered,22/02/2026 15:08,22/02/2026 16:00,28/02/2026 17:22,08/03/2026 16:29,19/03/2026 00:00
f11d659584813daadb19252b9659a670,9974e59c3f6c8186342935125184d014,delivered,04/03/2026 15:26,04/03/2026 15:35,05/03/2026 19:23,21/03/2026 18:48,26/03/2026 00:00
a22775141b5e773fb0dec808e36bf9f4,9596cd16cfef60f8c7ec8c8d78d008f4,delivered,03/08/2026 09:47,04/08/2026 04:15,09/08/2026 12:12,22/08/2026 23:41,30/08/2026 00:00
e6bcb00ca5426e9d00b50f8eeee367c7,2fac2e14733a2deb5e7b5973ff95b115,delivered,18/06/2025 22:02,18/06/2025 22:15,29/06/2025 16:47,04/07/2025 15:50,14/07/2025 00:00
f8b990617b1af31bd9e7a3d70f8dafc5,ad9ad1bbc3ec168f6d7e7e5637788fc3,delivered,27/07/2026 16:31,27/07/2026 16:45,03/08/2026 14:57,09/08/2026 21:04,23/08/2026 00:00
d74cdf7dea16668a34d57964004f0e94,0d084e109d08dc18e40858b407ce7c6b,delivered,16/06/2026 21:49,19/06/2026 04:16,19/06/2026 13:17,25/06/2026 20:32,11/07/2026 00:00
bc3551dbac6e56b70347f161a1c0e434,2b8a2569bb942d6448c531e427cc2193,delivered,15/04/2026 13:38,15/04/2026 13:51,16/04/2026 18:32,19/04/2026 18:16,11/05/2026 00:00
ca35a20423cabbc81c577f3ffe72169d,1e223899442e479b03b6e0056d14b25d,delivered,31/10/2025 21:40,01/11/2025 21:50,06/11/2025 22:22,13/11/2025 18:07,29/11/2025 00:00
bedc87ce363e6bf8c8868b96b2213ae4,88a98577c0d60c958eaaab2bf1e57f2b,delivered,24/02/2026 22:09,27/02/2026 04:31,28/02/2026 17:49,09/03/2026 00:58,23/03/2026 00:00
480295bd3b66aeb4f624e16dc17a7412,64986afd0f3863810521731e53f92463,delivered,16/05/2026 23:48,17/05/2026 08:36,17/05/2026 13:55,07/06/2026 13:52,13/06/2026 00:00
de76f809479b8391b6166b1448d83f3f,efe064b5515dd171c84ebd7ec64ddd2c,delivered,03/07/2025 15:56,03/07/2025 16:10,04/07/2025 13:57,06/07/2025 18:33,24/07/2025 00:00
c1bb3ffb1aeb6afbe42101499bd15708,5331ac2d2ed2def738a9c200cf8ebacb,delivered,28/11/2025 21:31,30/11/2025 02:20,01/12/2025 20:49,06/12/2025 19:12,18/12/2025 00:00
ce8502b200546c12a54e51a65f313f34,b494a22912f25bd9fd639019c32607ca,delivered,23/03/2025 14:42,23/03/2025 14:55,28/03/2025 12:24,07/04/2025 16:52,24/04/2025 00:00
b38103e665600114e3155ab60ee0ef70,3ca581e4a4ee0b48467bb142750e2bfb,delivered,22/07/2026 18:02,23/07/2026 12:32,24/07/2026 15:50,27/07/2026 18:03,09/08/2026 00:00
d7a1546121d90a9aaae7a851291d2ac6,f778aadf83ae85d8364c56f1daf01234,delivered,15/11/2025 13:36,15/11/2025 13:50,20/11/2025 11:38,24/11/2025 22:28,06/12/2025 00:00
9682a979182968d8d0b1a356f8bb330e,d6e5a4173470d0e38dcff1153aba6397,delivered,25/05/2025 10:05,26/05/2025 10:15,26/05/2025 15:04,16/06/2025 22:42,29/06/2025 00:00
f0b2da40b961baf662d31db42b3964e3,06f3fd76e17823db11f5af33cc79ddfe,delivered,17/01/2026 22:58,17/01/2026 23:10,18/01/2026 16:26,05/02/2026 16:59,19/02/2026 00:00
63dd1232853b91debb2470c70da85dca,4c3741130dccdca5d4fce3bb2822c9d7,delivered,17/08/2025 19:09,17/08/2025 19:55,18/08/2025 14:45,25/08/2025 17:35,11/09/2025 00:00
ad20d0dfe5b91c07df72dff0206aacd9,50ff7fc5ed9bd9bb79a4313f9924c6e0,delivered,31/10/2025 22:19,02/11/2025 02:27,07/11/2025 14:53,10/11/2025 16:56,28/11/2025 00:00
f29282bc8841ae8bcb88e357e9a32c57,6fe3e86aaffe0c52d238e4f89950ac1e,delivered,02/12/2025 15:11,02/12/2025 15:38,04/12/2025 18:30,20/12/2025 21:09,04/01/2026 00:00
33cd2b3de2ec32a78518fd9a66c98641,eb0c867b626b00b70a9995eb0333ff47,delivered,10/11/2025 11:00,10/11/2025 11:11,10/11/2025 19:52,13/11/2025 15:17,24/11/2025 00:00
407fe646704ea7828e324c8ef7e7e616,8514e0aeceab9ef5bc9c2e86392cd6e6,delivered,23/07/2026 15:44,25/07/2026 02:55,25/07/2026 12:28,31/07/2026 17:58,10/08/2026 00:00
8f7075f9808a783f9794cf5f7e1860d5,ed3b435e402f52f7895ef9d01d8e2e2b,delivered,13/02/2026 16:57,13/02/2026 17:10,14/02/2026 23:55,21/02/2026 18:59,07/03/2026 00:00
00275bce676303c3bfd7292aefdfa223,a12427487c970a4a75dbeb5884f126a8,delivered,24/11/2025 23:10,28/11/2025 03:39,29/11/2025 17:28,04/12/2025 19:42,14/12/2025 00:00
366446679f4ddbffb2d8934f1abef1f8,eb9e4ffb14ee9484e33031726c7ec185,delivered,22/04/2026 22:38,24/04/2026 18:25,23/04/2026 20:08,30/04/2026 18:52,17/05/2026 00:00
5c4ddbfa718a93f4b6b964b9e19472df,406c04dcbb14cfc2efdfa97866b1f17d,delivered,30/04/2025 17:50,30/04/2025 18:03,12/05/2025 09:17,16/05/2025 08:29,06/06/2025 00:00
4dbf5de576e0e8d18ad0932e1ed8e89d,6585b54dd5ac7f69a3ea0b4c6d6ed130,delivered,10/06/2026 13:20,10/06/2026 13:37,12/06/2026 13:58,18/06/2026 21:18,11/07/2026 00:00
ad0e80cb90ad456f01f1533e4cdc1f0d,38a210aed00016125db0e5206d6f300f,delivered,07/02/2026 08:18,08/02/2026 14:10,09/02/2026 18:58,01/03/2026 23:59,21/03/2026 00:00
43c20095b0f5f569fe0d24426cf8a7d2,8f1ef83e4c4114368bfa4e4cd446ad51,delivered,07/07/2026 15:35,07/07/2026 15:50,11/07/2026 18:01,21/07/2026 14:58,31/07/2026 00:00
71cefe5177d8b6b11dce9fa4060f01cc,795d2de5fab854dd2b68a6c1fbaa1f21,delivered,04/08/2025 14:17,08/08/2025 04:10,08/08/2025 17:40,21/08/2025 22:25,30/08/2025 00:00
6c04516be61ae90e04756c3290c405b7,e67ca606dd04696d0ab6e2ed2d63a126,delivered,24/09/2025 14:59,24/09/2025 15:15,25/09/2025 20:51,27/09/2025 14:56,20/10/2025 00:00
578e93018456eabf67495ce86d6e6315,bfb4818d76854787283fd72c7b5f84f8,delivered,08/02/2025 21:53,08/02/2025 22:05,10/02/2025 07:05,21/02/2025 08:13,09/03/2025 00:00
5468ed226abcf74527e93b11988e4a3e,30abcca05e3c8ce1278a2d8f8abbdfc9,delivered,17/03/2025 14:40,17/03/2025 14:40,24/03/2025 12:26,29/03/2025 08:28,07/04/2025 00:00
73c0786753e32171d5d1bba1e682b4ba,437820aa4853d90478621dffef1aae45,delivered,07/08/2025 21:41,09/08/2025 02:55,09/08/2025 17:15,17/08/2025 15:46,06/09/2025 00:00
d5a6117da9e539f1a08e0443644788ff,75d1ae5c2bcbc14de4a8ec95bfc28dfa,delivered,29/06/2026 21:53,29/06/2026 22:10,03/07/2026 05:48,05/07/2026 22:24,20/07/2026 00:00
4759dc5cd30f8e283de04872dd5446cd,8c8ebb03344906d2201f54daafd859cf,delivered,01/06/2026 13:43,01/06/2026 13:55,01/06/2026 14:42,20/06/2026 12:35,19/07/2026 00:00
f55863be6758b60482c4bdfa3cd016ed,be914b8a12f44c21a6a7070f585e2e42,delivered,07/12/2025 14:24,07/12/2025 15:25,12/12/2025 21:19,05/01/2026 19:43,31/01/2026 00:00
ea9a48e8b350731ae78378381394a086,8c3d04e424d330c628d1c1f62342915b,delivered,14/03/2026 08:52,14/03/2026 09:48,15/03/2026 12:16,16/03/2026 21:17,03/04/2026 00:00
b4dc09cbd4cc735632779c738cda842b,6f25b294d48cc71893594ae8ace3056e,delivered,20/03/2025 14:10,20/03/2025 14:10,22/03/2025 10:42,28/03/2025 14:22,06/04/2025 00:00
b7c3462b308e3d9d375ba7d120ee0893,c445359b5a2478c8b99696562ad4a2fd,delivered,04/04/2025 19:41,04/04/2025 19:50,06/04/2025 12:48,20/04/2025 08:48,15/05/2025 00:00
e44411a5a41caaf23d52f1600d31d888,b443cbafebdbd5c74e00d344cd9924f3,delivered,06/04/2026 12:55,06/04/2026 13:09,07/04/2026 01:19,09/04/2026 15:21,23/04/2026 00:00
57f7bb7d658b442616fce795fcc30146,7dfac2f8b35d57481de621c401fa4733,delivered,31/01/2025 20:04,02/02/2025 02:45,03/02/2025 11:02,07/02/2025 12:11,09/03/2025 00:00
8d994041d6127d2acc8d13aad557e75f,79549bf1ee85aa08fa9007af4f4a6dde,shipped,24/03/2025 21:48,24/03/2025 22:02,25/03/2025 09:33,,19/04/2025 00:00
662bf5e7e6b6350fd9e93fb5793f5c98,ad530f0385e180b5b52ffe8cb9658bca,delivered,15/12/2025 19:09,15/12/2025 19:16,18/12/2025 18:55,02/01/2026 09:02,29/01/2026 00:00
410cfb42b9a36728a695fe883df04ebf,b74584aa39691bb6fdd0f68571d3ba0b,delivered,04/06/2026 20:28,05/06/2026 04:15,11/06/2026 14:23,28/06/2026 20:25,08/08/2026 00:00
53fd3dd3b669e8e5e6bbf3d9e0403643,752c20c019899b96b3740dcf1e43ba3d,delivered,18/01/2026 17:15,20/01/2026 09:08,25/01/2026 23:58,05/02/2026 16:04,15/02/2026 00:00
9ac3e0dd6aeb10079e605b2e0f1cd7de,020c87503e1eeb262f17c9e7c0b556b5,delivered,12/08/2026 00:13,12/08/2026 00:25,20/08/2026 12:31,24/08/2026 15:16,06/09/2026 00:00
4ed4a6e12e74982dd78c78df1ed3f372,f211d9a5df865e35ec0010fdb6122f85,delivered,29/07/2025 01:28,29/07/2025 01:35,01/08/2025 19:37,10/08/2025 21:39,25/08/2025 00:00
374d4811c6f3657ec62ffec582801ccd,3e9aca248d1d381339c86c8682cd7647,delivered,03/08/2026 17:53,03/08/2026 18:24,08/08/2026 14:21,14/08/2026 14:32,17/08/2026 00:00
8f2b0c41d21837f8c6d4682867c66ffb,af2ad7b99991563a69a5f25d9a6c3e40,delivered,09/06/2025 06:04,10/06/2025 03:03,13/06/2025 13:21,27/06/2025 11:14,14/07/2025 00:00
e59dbfb7d81fd513f1ffa941fe849c57,affa1ae9fc01158bf723814d1dd9d0ce,delivered,14/12/2025 17:07,14/12/2025 17:31,15/12/2025 22:24,22/12/2025 16:49,09/01/2026 00:00
4148591d51d8741aef65abefd186887b,86d870bc6aaa37f7c193f9b2d19b8015,delivered,20/04/2026 17:09,24/04/2026 18:57,23/04/2026 21:48,08/05/2026 16:48,22/05/2026 00:00
a767f123fcb9ebe4eea953349dfd5a81,e8945aceed698580f92f6d9e4ecaf34e,delivered,05/04/2026 07:53,05/04/2026 08:10,18/04/2026 01:52,05/06/2026 18:11,04/05/2026 00:00
ac21545a31cc2f10904bcc68254c1d11,ef679ddb34f8f011599d10e88c859117,delivered,16/03/2026 18:06,20/03/2026 03:08,20/03/2026 22:17,06/04/2026 20:02,25/04/2026 00:00
8c81595257edb72a9b20d995eaae0319,a746774b7095aff23fd5bbdcd85c29d5,delivered,28/05/2025 11:49,28/05/2025 12:02,29/05/2025 07:39,13/06/2025 14:43,23/06/2025 00:00
49bbb428c234dcf31c4d66d4e8e1c04c,4c36169fa0fb2131640c936269b87ea5,delivered,01/05/2026 13:31,01/05/2026 13:50,02/05/2026 13:39,05/05/2026 16:08,14/05/2026 00:00
8b3bda465a61f930742d256916d1d7d9,72439ef3181cd62d5b508cb9beb48c4c,delivered,18/03/2026 12:38,18/03/2026 12:50,26/03/2026 19:29,02/04/2026 15:21,29/03/2026 00:00
9c9036dccc18ec72597a1abafc18d3b4,651a93e609de83580b7e073e997f7631,delivered,09/08/2025 14:57,09/08/2025 15:10,09/08/2025 20:09,14/08/2025 15:04,06/09/2025 00:00
e3ee317683c1cb4df51994ca63755d6d,5023bc2931283adb435a1ef20a8ae944,delivered,15/05/2026 11:44,15/05/2026 11:55,16/05/2026 14:28,05/06/2026 22:32,07/06/2026 00:00
af6e44b9d409160a33f41a80537af9b2,1a71c3ead49ef67aed93c31aacc4d046,delivered,03/10/2025 14:30,04/10/2025 02:49,04/10/2025 18:48,18/10/2025 16:40,09/11/2025 00:00
93881917b8e0f2bf11eec7abbbfe43ec,5c78528de7bc16285f19af96fce88f02,unavailable,11/08/2026 21:38,11/08/2026 21:50,,,21/08/2026 00:00
cb61ea5ecf3a762ee7460dc23d50fffd,2d5e77fae689aee9992cc9669cb61710,delivered,20/12/2025 15:14,20/12/2025 15:31,21/12/2025 23:13,22/12/2025 20:17,09/01/2026 00:00
6362a7fa249232a216ff4ed1cec9f7b3,ab85203400c4ddb2933ef58e6d6716f9,delivered,28/01/2026 22:23,29/01/2026 22:30,31/01/2026 22:51,15/02/2026 14:52,23/02/2026 00:00
a3a0cfe6661449e2d725b5b1ff658d84,2e57ca0d2c4b939fd528fe677acca228,delivered,10/07/2026 11:52,10/07/2026 12:05,11/07/2026 08:40,20/07/2026 19:55,01/08/2026 00:00
1166ac5af4262300b61e079c496223c6,0d8cb40fe23920b0a6078753a31bb617,delivered,14/08/2026 20:44,14/08/2026 20:55,15/08/2026 12:22,22/08/2026 18:32,31/08/2026 00:00
5dc6b1dfab4fc8303ea318faec36a73e,d78589eeacbfd204322ded214caadbe0,delivered,15/02/2026 20:03,15/02/2026 20:15,16/02/2026 23:43,14/03/2026 21:03,16/03/2026 00:00
0611e51b65ca1c2274c5a2463141dcb6,0a53041ab2e72cccb3329613978e2e2e,delivered,10/10/2025 14:24,10/10/2025 15:06,11/10/2025 19:53,20/10/2025 22:04,06/11/2025 00:00
e62d530c9b5d79b0b222e5a4542d71be,b323dd4451f8a811f505bd4c597bd181,delivered,11/06/2026 15:24,11/06/2026 15:39,12/06/2026 15:05,13/06/2026 19:54,20/06/2026 00:00
55a54184af6cdb5cbd95d124883c2dbb,6633e658356d7a598fe1cd44a46cbf34,delivered,27/06/2026 06:56,27/06/2026 11:18,27/06/2026 09:57,05/07/2026 19:03,26/07/2026 00:00
dcd9141cf681c0a831e8988b32156d3c,7558e6beb7efdd069ac43b97f4f8e67d,delivered,28/05/2026 11:35,28/05/2026 11:54,28/05/2026 14:09,08/06/2026 18:20,03/07/2026 00:00
8d47ca771c5f1f48f545ecf4a7c85f82,fc056cb6f79dbf7ab1e6ea6ef66f7837,delivered,08/08/2025 21:12,08/08/2025 21:25,11/08/2025 18:32,22/08/2025 20:06,01/09/2025 00:00
382fe4c08d9dc3aec94cd1aeca20b992,625ebee3bb8680d39f443c840f5afdaf,delivered,27/11/2025 22:00,29/11/2025 02:16,05/12/2025 20:59,13/12/2025 19:42,11/12/2025 00:00
fbbd2baf2d839f10d73c99b4642ce46b,d6e5282ef68aa9ed7c6d9f38731872ff,delivered,24/03/2026 01:41,25/03/2026 01:35,28/03/2026 00:11,12/04/2026 21:42,17/04/2026 00:00
b76cebb0a09007c35a19e98b178acd63,e8043e94a03541766bca8246a5af9d8b,delivered,20/12/2025 13:05,21/12/2025 02:10,21/12/2025 19:45,27/12/2025 21:58,10/01/2026 00:00
896b228e1623e6b8f20f2b3782750d48,6099b4a3bbcc0a01fb20ff6cab0289e3,delivered,27/07/2026 18:27,27/07/2026 18:44,30/07/2026 12:55,31/07/2026 22:23,06/08/2026 00:00
f52b64a627a310405cfd65e2a23acb23,0c0b4497d7324e5a4e31262c93fbc3c4,delivered,12/02/2026 18:58,12/02/2026 19:10,21/02/2026 21:55,28/02/2026 22:32,06/03/2026 00:00
0f1c3e42f560452d091c6906f9accb48,21691bb6e6986524cbbaa74ce9086c98,delivered,29/03/2026 18:48,29/03/2026 19:08,03/04/2026 01:32,13/04/2026 15:33,23/04/2026 00:00
16e38caa92e342c7780f68832f832d4d,d29935fdaf4a76f34653da3def4f2a24,delivered,07/05/2026 01:09,07/05/2026 16:52,07/05/2026 15:09,24/05/2026 00:31,07/06/2026 00:00
1e73ecf14966e33e06e79c339fb3f7cd,4d6a2339ba829456960bc4a6ac74eec9,delivered,28/05/2026 16:37,28/05/2026 16:51,01/06/2026 14:09,08/06/2026 18:54,21/06/2026 00:00
3deae78fe543fe7c561f18a237ad309e,fc63101cdeb7148093b5bf42644568d5,delivered,23/11/2025 23:00,23/11/2025 23:08,24/11/2025 16:25,25/11/2025 16:52,14/12/2025 00:00
70b9629a764d2247cf5995014b7204d2,2351d4314775fcbef54ecdf9c93ad410,delivered,22/10/2025 13:39,22/10/2025 13:49,24/10/2025 18:57,01/11/2025 21:52,17/11/2025 00:00
d61fb054800247ebeef5200e8bf9c9bd,544df65cf6b7f2cc5d7637b4189edc50,delivered,02/01/2026 23:26,02/01/2026 23:50,06/01/2026 00:25,13/01/2026 11:27,01/02/2026 00:00
6813f213a0d422a84a0e231bffc5fda8,7d8fc5d1f066bc73c68e6c207878c1b4,delivered,25/11/2025 02:14,25/11/2025 02:54,28/11/2025 17:59,04/12/2025 16:58,19/12/2025 00:00
6f8ef1903034bc19ff5a5c51dbcec604,469eac1e2fe2a69a8ade2d146e9cbb9a,delivered,22/03/2026 15:29,22/03/2026 15:48,23/03/2026 02:51,29/03/2026 17:36,18/04/2026 00:00
3431dbb0c64629bd76dc81b736c46e4d,e899e0c8c1ff8d71c53bcf89ce519cfd,delivered,18/03/2026 23:40,18/03/2026 23:50,20/03/2026 02:39,22/03/2026 23:44,05/04/2026 00:00
dcfe9b5776f30f14bdb7c5505d269c08,35f96e58f8d8dbc038a306283c9b4b4b,delivered,08/08/2026 09:56,08/08/2026 10:10,08/08/2026 16:38,13/08/2026 18:18,20/08/2026 00:00
bb787d6e68f079fbf94e8df39219086d,47236502c05ba94b54a18feb382a6a59,delivered,26/06/2026 09:18,26/06/2026 09:37,26/06/2026 13:27,04/07/2026 20:22,26/07/2026 00:00
ce500b2ca0d960f937fb4d24282d3291,b77ef6aa11b50074739e74d4a78ae4a9,delivered,27/01/2025 12:15,28/01/2025 04:34,31/01/2025 10:05,15/02/2025 18:22,02/03/2025 00:00
6bb214f60f0b2331b730f74f70dc322f,4109c63be22f97950143c4acbfa68e4d,delivered,24/04/2025 21:21,24/04/2025 21:30,05/05/2025 15:31,15/05/2025 15:39,24/05/2025 00:00
2bec039adcca39ad3a2d76a949e6c99d,dd06035a7c124081d791d46dea94f128,delivered,26/07/2026 13:03,27/07/2026 13:04,27/07/2026 11:55,03/08/2026 15:18,16/08/2026 00:00
fe2f8677aaa66d2344481c0925170245,222e1556b86ff309b9ee3f03a826567a,delivered,13/01/2026 15:40,13/01/2026 15:51,16/01/2026 00:18,19/01/2026 18:38,05/02/2026 00:00
4233067932385b2d8b301e18e1b75958,7e1c94909b82d667fde37d090d81d101,delivered,18/07/2026 10:14,18/07/2026 10:25,18/07/2026 14:42,26/07/2026 15:51,08/08/2026 00:00
f644bc7cdc4cf0854f50017d5ccfff50,99e92a4ae3b87639d2b55ee0319dee00,delivered,09/08/2026 10:54,09/08/2026 15:25,10/08/2026 15:05,13/08/2026 16:41,15/08/2026 00:00
c8d07bf0161cd0a2aacc163c238f397e,e312f3c85be577c566c09d776b380735,delivered,10/07/2025 19:37,10/07/2025 19:50,11/07/2025 16:57,13/07/2025 19:32,28/07/2025 00:00
73a12daa7a024fd6a3895ffcb1fc99cb,e1757fdb0a5da58aaa609d9c28a203d5,delivered,30/04/2026 15:48,01/05/2026 02:10,02/05/2026 13:28,09/05/2026 20:42,30/05/2026 00:00
8c5c95d76d1bd802cde533288848d786,b3a679397fd9fc5140a33c5033458395,delivered,20/01/2026 12:38,20/01/2026 12:50,23/01/2026 03:13,29/01/2026 21:12,15/02/2026 00:00
e849e2829de302019ae8bd9924055171,de4c2b462c44197b26b6e596865da44c,delivered,16/05/2026 12:43,17/05/2026 03:16,17/05/2026 13:55,06/06/2026 22:33,12/06/2026 00:00
6bdf9b89e5c81ead45dbc0a260dfbf13,2c4bf1b6bbd370f8ce5380fd47458fd6,delivered,20/09/2025 13:05,20/09/2025 13:25,20/09/2025 19:32,29/09/2025 19:53,05/10/2025 00:00
b48959225675859f01913fbd8cb4abe6,88a9b809cb9f14bee2a9756e44680552,delivered,13/08/2026 17:04,13/08/2026 17:15,14/08/2026 14:23,15/08/2026 23:42,20/08/2026 00:00
e35b8d9f66d207952c74878ee321a213,26280c295879b204d2d3c0452e0fed88,delivered,10/08/2025 12:44,12/08/2025 02:45,15/08/2025 19:31,24/08/2025 20:05,08/09/2025 00:00
19cfcf45fc399af9d3e9d1d98638997b,a1611dd64649bd4c6ff1de1b4b5fdfd7,delivered,18/12/2025 13:51,18/12/2025 14:16,19/12/2025 20:37,28/12/2025 20:18,16/01/2026 00:00
2259c28617dcf9c2ed34e78bb3dfb562,daf42b4ca0bdcc543c7059047a122897,delivered,16/12/2025 23:59,17/12/2025 00:12,18/12/2025 21:47,22/12/2025 18:41,16/01/2026 00:00
66de0095e3cd190938887b524433e56e,4568b6ca77fd9f28ed5ba06a4a8f2e6a,delivered,13/04/2026 19:45,13/04/2026 19:55,17/04/2026 18:16,25/04/2026 17:51,23/05/2026 00:00
194722a4c1cad67f5b368dce6edcc88a,575ef70c7539be8b334b433a37246097,delivered,28/03/2026 16:30,28/03/2026 16:47,04/04/2026 21:32,06/04/2026 20:56,10/04/2026 00:00
57490284e3524fb4b1c4112fa966cbde,1badfbfeee64a427f1e3fcd009ddcee0,delivered,19/06/2026 23:20,21/06/2026 03:38,21/06/2026 13:40,10/07/2026 22:02,18/07/2026 00:00
e0ff8fbdba29b1192269bb50ef72245e,02acb1d49edb6c09b61d2f496afc61b5,delivered,04/02/2026 21:02,04/02/2026 21:15,06/02/2026 00:16,15/02/2026 23:27,05/03/2026 00:00
710bc497ddb33d94263a302f17416924,b22eeea84d8a63d56ee0ebb6ec8e0ae0,delivered,30/01/2026 09:47,01/02/2026 02:56,06/02/2026 16:32,14/02/2026 18:52,01/03/2026 00:00
baaaa6a46bf8f53d113193a6a23efbd4,ff56a290f17f6ce95604d2e7c1bd3ab3,delivered,09/12/2025 11:50,09/12/2025 12:32,11/12/2025 18:24,26/12/2025 16:09,10/01/2026 00:00
52a547866cd2082c600fb72eced19331,0bf644fc54b89e3ba5b32c2b9e618de6,delivered,16/05/2026 15:02,16/05/2026 15:19,16/05/2026 14:29,21/05/2026 16:53,05/06/2026 00:00
96c2e97254411b014e9c6497388ae8bb,5f4e8d05ec1f8bb24733577690c48f5f,delivered,03/08/2026 23:04,03/08/2026 23:15,09/08/2026 09:40,15/08/2026 01:21,17/08/2026 00:00
7bba6be8b33b014bb9523db5f992d070,fd5e7ef8ebb833e81b09dc6c1afc92fe,delivered,03/07/2025 20:08,03/07/2025 20:23,04/07/2025 15:12,12/07/2025 17:46,08/08/2025 00:00
908c02868bb2a9b847e64b23139137e5,76f71522a4d0db001ac6caf99763656f,delivered,17/06/2026 09:42,18/06/2026 21:35,19/06/2026 14:35,26/06/2026 17:08,13/07/2026 00:00
99330d45c3ba6f45ad5745f6de036c5f,223f5e3208f2fa202a8ff706a4d9b206,delivered,17/10/2025 10:16,17/10/2025 10:28,17/10/2025 21:05,20/10/2025 22:05,07/11/2025 00:00
023af4b88d12c9f3f56bcb55da0450c5,96b3ea36ae6536e8d46ac247b72b9364,delivered,09/12/2025 17:31,09/12/2025 17:50,14/12/2025 22:21,08/01/2026 23:12,09/01/2026 00:00
43b29d0de4927fa24f56341687c9e06e,acaf6410aabbc2e292355a66dd2b38cf,delivered,21/04/2025 18:10,21/04/2025 18:21,24/04/2025 10:42,15/05/2025 13:44,25/05/2025 00:00
b18478bbf9b2283e3d12452f69fd9ce2,79af00341a7edf65ba773dee228d5008,delivered,11/05/2026 20:12,11/05/2026 20:30,17/05/2026 14:39,23/05/2026 16:50,30/05/2026 00:00
611f544f53c61bfeee1a6923ea8555a9,c60f17355c341bb9008e70012da7ba70,delivered,07/01/2026 10:12,07/01/2026 10:19,10/01/2026 13:03,12/01/2026 22:19,31/01/2026 00:00
736e1922ae60d0d6a89247b851902527,ec5b2ba62e574342386871631fafd3fc,delivered,15/07/2026 14:49,17/07/2026 04:31,20/07/2026 13:09,26/07/2026 22:03,02/08/2026 00:00
5df16667b4591b93ff7b1930d8b7da36,95fd46b89a4174004b2407d01069a6d7,delivered,17/06/2025 14:44,18/06/2025 07:42,23/06/2025 11:15,08/07/2025 12:21,19/07/2025 00:00
b5b0356c157cc9bfa4ec67e43d7abc09,6640da9a0b84cb913692c909108f2dfe,delivered,07/05/2026 15:21,07/05/2026 17:17,09/05/2026 12:31,17/05/2026 21:38,21/05/2026 00:00
882c447d8edd3d32db6a03ff2fc74f8f,406c0e75c679a46577815134afa52837,delivered,03/05/2026 14:13,03/05/2026 14:32,03/05/2026 14:40,16/05/2026 21:42,25/05/2026 00:00
e7d3f9457c859cd5b63a25a4c2afb2e0,e65509bad7e534de9c1f202b06901672,delivered,18/01/2026 23:26,26/01/2026 17:03,29/01/2026 22:19,14/02/2026 19:53,09/02/2026 00:00
0733aab1e972ab531705cf45a1e77281,5ca683b344929c41668368dcf9d5b168,delivered,27/04/2026 13:55,27/04/2026 14:10,27/04/2026 16:30,03/05/2026 14:11,17/05/2026 00:00
5953d2dd57f0e259f8b8489c37556e00,9cdd2de18cb0bfec28ca0c4babb6f253,delivered,04/08/2025 20:12,04/08/2025 20:25,15/08/2025 21:22,24/08/2025 20:45,01/09/2025 00:00
68be1c52f0c662cedbe21ca137ca77fe,3770b28ef0626cf945d6f4129077c7ae,delivered,25/01/2026 09:22,25/01/2026 09:36,01/02/2026 20:04,16/02/2026 18:32,12/03/2026 00:00
5494d7febdfd2f93ebdb691782d56f02,b09ff235742f48bfa743f3e9474d36ef,delivered,09/07/2026 20:06,10/07/2026 04:25,12/07/2026 19:02,13/07/2026 21:51,18/07/2026 00:00
9822680d395506e5602b3c1ea555aa61,b7972dea0691475465acaef017a83fce,delivered,24/04/2026 22:59,24/04/2026 23:15,25/04/2026 13:47,30/04/2026 22:27,21/05/2026 00:00
e62c3201015050463bc2e3b6599a6bc5,1d811f8b00a528ee91e12ddcd26e958a,delivered,27/02/2026 14:44,27/02/2026 14:55,28/02/2026 17:52,24/04/2026 23:04,20/03/2026 00:00
f8d1bd3e890e8a6792efb7acfc9a4853,53dee9b3304eaaeeb645b5a449759c51,delivered,02/07/2026 20:37,05/07/2026 16:09,05/07/2026 15:56,12/07/2026 17:38,15/08/2026 00:00
4ec3265e1601e14b39e11dee2e1d5fc2,c85c1adead3ced3636c148be7270ab62,delivered,15/04/2026 20:27,15/04/2026 20:51,20/04/2026 16:04,26/04/2026 23:28,10/05/2026 00:00
d9e85a628a68f162d46b273ae52d0119,a2591f825643f634e74804d71261369c,delivered,13/09/2025 07:57,14/09/2025 02:55,14/09/2025 19:13,21/09/2025 15:32,29/09/2025 00:00
378035ea5017f82d47a885f52fff9be1,a5cc05472dc39567d79da21664133388,delivered,05/05/2025 11:25,09/05/2025 09:43,10/05/2025 03:42,17/05/2025 14:06,05/06/2025 00:00
28037715728a348c84215e5db015de7e,4d6c393e8d157f91ced96c5a89beeb77,delivered,29/09/2025 15:43,29/09/2025 15:56,03/10/2025 21:10,09/10/2025 17:03,23/10/2025 00:00
f2228e3e55ff956909ad7750f08516fd,fb60e1236b474808fc33b9d2bf26d323,delivered,01/04/2026 11:17,01/04/2026 11:30,04/04/2026 00:47,11/04/2026 18:52,25/04/2026 00:00
5e8c4235c5941812c1831d835ae020fd,e787ddf38676914ffe9704e1766096ab,delivered,07/04/2026 20:39,07/04/2026 20:55,11/04/2026 18:21,23/04/2026 15:42,02/05/2026 00:00
09138fb3bbda7e400f9aac03c238385c,083e90e0576402957154264852d4b8ca,delivered,17/03/2026 18:33,18/03/2026 18:30,19/03/2026 20:09,05/04/2026 21:44,12/04/2026 00:00
ab8d7e03c02e35b89d4eee1dd9ab65ca,263d3314eb124da16668b6968c381690,delivered,21/01/2026 16:42,22/01/2026 13:53,23/01/2026 19:12,02/02/2026 12:19,16/02/2026 00:00
2fcae632b06e40088d1800fc1cfc3e69,b9543736a1c64efd425d1fbfeb613771,delivered,07/02/2026 10:03,08/02/2026 09:55,08/02/2026 22:12,23/02/2026 17:45,06/03/2026 00:00
e592e00712df4f05bd73ad01993c0251,041c1b581b3d75b637507c4bc0e4905f,delivered,29/04/2026 16:27,29/04/2026 16:54,30/04/2026 14:24,07/05/2026 18:08,18/05/2026 00:00
8fe3b44d3161e377a52ba346b2b0ec08,6066d537b297112e9ad8737b8c8a2eb6,delivered,20/07/2026 14:45,20/07/2026 14:55,23/07/2026 15:29,24/07/2026 19:52,30/07/2026 00:00
3b1c5a036e0412d8c9dda3d6df67782a,0dd70915d5f46c4cf8afce382e0b5b86,delivered,23/02/2025 15:32,23/02/2025 21:55,13/03/2025 12:09,18/03/2025 11:07,06/04/2025 00:00
086f617d66181efa193629791e0a9076,bd9f453692541458b7e80c8ec16bc167,delivered,10/08/2026 12:48,10/08/2026 13:04,13/08/2026 14:24,21/08/2026 16:39,31/08/2026 00:00
b28a856ec450375c2c61dfb94250fbb0,a5b2145cb0a276784c2e3fb28cd1d565,delivered,02/08/2026 18:01,02/08/2026 19:05,03/08/2026 16:56,08/08/2026 13:51,09/08/2026 00:00
16bf4bebb63fe2842793fa1e3fbb83d9,55c9db9425ab8c9ee904753ebb3e9718,delivered,26/09/2025 18:38,28/09/2025 02:49,28/09/2025 19:03,01/10/2025 18:32,13/10/2025 00:00
32339685fefe9062d33175a4bc12d555,b5ea05c72a89dbe101d94083e18df207,delivered,22/01/2025 20:25,22/01/2025 20:35,24/01/2025 16:16,28/01/2025 04:04,28/02/2025 00:00
3db52c1df4d52ab19d7e7365d647f6fc,94df3c23c37dc051dbb2f1d03a3693de,delivered,25/05/2026 09:54,25/05/2026 10:16,25/05/2026 13:20,04/06/2026 20:28,19/06/2026 00:00
08202fbf5047a2f85a0983ac291a69fb,de9ebceca7f056c08928dfa4bb245205,delivered,05/04/2025 08:38,05/04/2025 08:50,05/04/2025 14:48,11/04/2025 10:03,15/05/2025 00:00
4f0a2c058df62bfe77f0e0e1e1ca66eb,55a0c3e86baf62169bf4ec368c02193f,delivered,17/02/2026 19:14,17/02/2026 19:26,21/02/2026 18:49,05/03/2026 22:13,12/03/2026 00:00
fb260abf14e47c95a0b19acb1ab3ed43,5e03611738b719fa467609220c293474,delivered,26/02/2026 02:03,26/02/2026 02:10,27/02/2026 01:04,22/03/2026 00:02,19/03/2026 00:00
ac17f36b9ec35c47dc44e96558d33dc7,4c99e4d80794cc4520af0b07913b4d6e,delivered,03/07/2026 10:00,05/07/2026 16:27,04/07/2026 08:00,11/07/2026 01:29,06/08/2026 00:00
6106af2a0590979c9d7c7918f6eae6ae,cc2f295002062005243ef38ca0f95ebe,delivered,13/07/2025 19:43,13/07/2025 19:55,17/07/2025 21:38,24/07/2025 20:24,04/08/2025 00:00
17421d31a07ce8e9c61fe6b1adecfdaf,6c3eb82bd1bc98eeb319254fdb38a2da,delivered,21/07/2025 08:26,21/07/2025 08:35,28/07/2025 11:02,04/08/2025 19:41,24/08/2025 00:00
42fa07019d8252444a920c348dc8b011,2939a5df4e8439863d6ef160fdd53295,delivered,17/07/2025 14:27,18/07/2025 07:10,20/07/2025 12:46,21/07/2025 18:21,28/07/2025 00:00
43ada20efaad1c2c55197dd39050267f,df56491c32230f0ef86a5c35dac4e0e8,delivered,21/12/2025 17:01,21/12/2025 18:12,22/12/2025 23:38,03/01/2026 21:34,18/01/2026 00:00
17b64a39e956f1ff14d42a2f76a37305,6b170d60eabcac609caaaf419e9e57f1,delivered,19/01/2026 15:56,19/01/2026 16:15,23/01/2026 21:48,08/02/2026 23:54,22/03/2026 00:00
cfd5d5311ae38742b4ecdbcf4c3662a7,8219dbbbff05552e56dabd762e39de3a,delivered,09/02/2026 18:55,09/02/2026 19:08,15/02/2026 00:32,21/02/2026 19:52,14/03/2026 00:00
23fb5e6768dd0cf8df7aaa74d80f8ec6,b54c3706d7d7a59b0f07541d4070dae3,delivered,10/12/2025 23:59,11/12/2025 00:10,20/12/2025 18:52,26/12/2025 22:09,15/01/2026 00:00
087c44ddc65697d4a3a2af9234c5a22b,75de575b1ac67f10d725383d4ae0b0ae,delivered,08/04/2026 20:12,08/04/2026 20:30,10/04/2026 14:48,19/04/2026 13:14,08/05/2026 00:00
ba8ebbd4a50913dea058ff7695922d95,3f3aa91e753c454557cb29ee5a852eab,delivered,19/05/2026 18:06,19/05/2026 18:32,21/05/2026 14:57,04/06/2026 22:12,07/06/2026 00:00
8747a928f786c8b31e0afb1b815886bc,e6f40fd97b2ae5d03f8a2a211fa042b2,delivered,12/11/2025 20:48,14/11/2025 03:35,21/11/2025 13:49,04/12/2025 19:42,01/12/2025 00:00
93d8685fec4218f06bf202723dc1da52,3c71dc159116331b7643d296a921f725,invoiced,21/02/2025 21:17,22/02/2025 03:22,,,22/03/2025 00:00
aeb5c78d2d8968b2a53ac5d6a554cdb4,3bdae7f94f5dcf2f6d395ddab50d3596,delivered,18/01/2026 17:50,18/01/2026 18:14,24/01/2026 23:38,27/01/2026 15:31,02/02/2026 00:00
7cbb15d12a1bb13fde596f305857b22e,70eb2dbf20da55dcfb3bbe2cb2cf1fe2,delivered,30/03/2026 15:19,30/03/2026 16:07,04/04/2026 18:54,05/04/2026 19:38,12/04/2026 00:00
a8011c5b1b6536063a53c05cabf56bb0,e8b75845a700bb574b2346b8f489736a,delivered,20/01/2026 13:31,20/01/2026 13:42,23/01/2026 00:19,24/01/2026 18:49,09/02/2026 00:00
e631d7417c16066c831e8f2599673235,477b96a7bebf346f0b61baea85b4e2b9,delivered,19/01/2026 14:38,19/01/2026 14:57,23/01/2026 13:16,25/01/2026 15:48,05/02/2026 00:00
278ffae8d541775ba53338a54ee391a3,74a975276d0c266162d2ee51a6fccea9,delivered,03/10/2025 14:29,03/10/2025 14:49,04/10/2025 19:59,30/10/2025 20:34,07/11/2025 00:00
8691ef52aa97f8ba6d500780b5897e04,ce24092edd3791e3991bdabf0c09778f,delivered,06/05/2026 17:07,07/05/2026 09:13,09/05/2026 16:18,18/05/2026 10:22,30/05/2026 00:00
55bde651a2c412e983a9ace2f3e05c5d,0238124998cd8eddd5b3ea04d4c1e658,delivered,12/08/2026 19:57,13/08/2026 19:50,14/08/2026 13:21,15/08/2026 19:24,17/08/2026 00:00
31c97425f34d48507d57e56e0ec2986b,11ead7c657fc4f2412db1babe52d1619,delivered,03/09/2025 19:49,03/09/2025 20:03,06/09/2025 16:42,16/09/2025 16:13,25/09/2025 00:00
6c682aa3032d2639e12a64b3c2a907b7,deaa5dd4f21cf2d8741e476989fe7d5d,delivered,12/02/2026 11:51,12/02/2026 12:05,14/02/2026 23:34,16/02/2026 23:41,08/03/2026 00:00
2beb7e011571a837462a006a779881e8,a26d969df103529ca7d2dc3b8f8a1e5a,delivered,24/07/2025 15:37,25/07/2025 15:45,26/07/2025 19:17,04/08/2025 18:13,15/08/2025 00:00
166a835dcb0ffdb5d917db2a93358502,3274aedc859b9aa7d7e5db28cfb7768d,delivered,11/07/2025 23:14,11/07/2025 23:25,13/07/2025 19:09,31/07/2025 11:34,04/08/2025 00:00
8b761bca5ade41b47694b0225c668b75,60759d1a0d02d7e2d74834df707b597a,delivered,03/08/2025 16:51,03/08/2025 17:23,04/08/2025 18:52,14/08/2025 20:05,23/08/2025 00:00
2b9319f90cac6853394132c982ff27bf,835c64056c71ad9d093dc7166f22a8a8,delivered,13/01/2026 13:53,16/01/2026 03:51,20/01/2026 00:13,08/02/2026 13:03,19/02/2026 00:00
12d8f84b2205c7654fdf6768718d243d,0cb1ec7f7b0d209fdfbb7c3592b32634,delivered,28/06/2026 21:51,28/06/2026 22:10,29/06/2026 12:29,10/07/2026 20:21,26/07/2026 00:00
0bfd90889de46373db5089b3bb941135,b2bbf530455f67fe10265197326aab8e,delivered,05/06/2026 20:08,05/06/2026 20:32,06/06/2026 14:45,07/06/2026 18:34,29/06/2026 00:00
5b0ee19a3125fc083348baa76d816ed0,97e5ea711c00ba54392bf866a7d5f1e0,canceled,05/03/2026 13:56,05/03/2026 14:40,,,15/03/2026 00:00
a9c74f167b0d8af61d6487fc21934f7e,c913ae1bc977b139a50287f6bd0b1c19,delivered,10/07/2026 12:40,11/07/2026 03:45,13/07/2026 14:12,23/07/2026 21:42,31/07/2026 00:00
ae58081c0be4ca730f53473f8f5d5df7,6a0ce72a507b9ca7bdf5ab4f1a875a46,delivered,13/04/2026 18:45,13/04/2026 18:55,17/04/2026 18:20,18/04/2026 19:14,30/04/2026 00:00
151137bf7ab537c1a2da6bba1368d87d,8678ce9bb3f23410f28b6caa0813528a,delivered,05/09/2025 13:52,05/09/2025 14:05,11/09/2025 18:11,18/09/2025 18:59,03/10/2025 00:00
8021c3dc6a034e6f153035028d421c94,dbce625996b257695026f8bd3c5ee160,delivered,17/04/2026 00:15,17/04/2026 00:34,17/04/2026 19:11,18/04/2026 19:38,03/05/2026 00:00
4cb0286c9f5805ddd172e00cef67ecc3,e3d025dfd872e46859d611e7a73f6c2d,delivered,17/06/2026 20:18,17/06/2026 20:33,18/06/2026 15:10,20/06/2026 19:08,29/06/2026 00:00
